Unnamed: 0,static_60_40,equal_weight,inverse_vol,risk_parity,mean_variance_lw,faber_10mo_sma,ts_momentum_12mo,vol_target_60_40,myopic_12mo,hmm_conditional_mv,black_litterman_hmm,qmdp
2003-10-31,0.02752942066547736,0.021375857983360252,0.021375857983360252,0.021375857983360252,0.02752942066547736,0.021375857983360252,0.021375857983360252,0.02752942066547736,0.02752942066547736,0.005422771528069309,0.02752942066547736,0.0521436713939458
2003-11-30,0.00785217145869224,0.00709972448003085,0.00709972448003085,0.00709972448003085,0.00785217145869224,0.00709972448003085,0.00709972448003085,0.00785217145869224,0.00785217145869224,0.005418999809107485,0.00785217145869224,0.0108619593733378
2003-12-31,0.03335110894414468,0.029416914311509904,0.029416914311509904,0.029416914311509904,0.03335110894414468,0.029416914311509904,0.029416914311509904,0.03335110894414468,0.03335110894414468,0.01980626454476572,0.03335110894414468,0.0490878874746838
2004-01-31,0.01350444007251652,0.0119862539823701,0.0119862539823701,0.0119862539823701,0.01350444007251652,0.0119862539823701,0.0119862539823701,0.01350444007251652,0.01350444007251652,0.00871549194355076,0.01350444007251652,0.0195771844331022
2004-02-29,0.01262772801001756,0.0124148202267275,0.0124148202267275,0.0124148202267275,0.01262772801001756,0.0124148202267275,0.0124148202267275,0.01262772801001756,0.01262772801001756,0.012019341790296394,0.01262772801001756,0.0134793591431778
2004-03-31,-0.00527469950270792,-0.00325984193813155,-0.00325984193813155,-0.00325984193813155,-0.00527469950270792,-0.00325984193813155,-0.00325984193813155,-0.00527469950270792,-0.00527469950270792,-0.0006063366103928275,-0.00527469950270792,-0.0133341297610134
2004-04-30,-0.02284765826842252,-0.023783901178994003,-0.023783901178994003,-0.023783901178994003,-0.02284765826842252,-0.023783901178994003,-0.023783901178994003,-0.02284765826842252,-0.02284765826842252,-0.02491494625023886,-0.02284765826842252,-0.0191026866261366
2004-05-31,0.008671849516645999,0.006595198220709749,0.006595198220709749,0.006595198220709749,0.008671849516645999,0.006595198220709749,0.006595198220709749,0.008671849516645999,0.008671849516645999,0.004643989749256797,0.008671849516645999,0.016978454700391
2004-06-30,0.013902091900833299,0.01279455842522855,0.01279455842522855,0.01279455842522855,0.013902091900833299,0.01279455842522855,0.01279455842522855,0.013902091900833299,0.013902091900833299,0.01190338009635867,0.013902091900833299,0.0183322258032523
2004-07-31,-0.015966307131505958,-0.01177065606994215,-0.01177065606994215,-0.01177065606994215,-0.015966307131505958,-0.01177065606994215,-0.01177065606994215,-0.015966307131505958,-0.015966307131505958,-0.008948223000378274,-0.015966307131505958,-0.0327489113777612
2004-08-31,0.00788210340408896,0.00924442831895865,0.00924442831895865,0.00924442831895865,0.00788210340408896,0.0155560528933071,0.00924442831895865,0.00788210340408896,0.00788210340408896,0.009854686027813963,0.00788210340408896,0.0024328037446102
2004-09-30,0.00805439741263442,0.007571240739340349,0.0065408404521309456,0.007571240739340349,0.00805439741263442,0.0089870241058107,0.007571240739340349,0.009203867432516628,0.0095870241058107,0.007385187596768401,0.00805439741263442,0.0099870241058107
2004-10-31,0.011133300365842161,0.01071594945861915,0.009985640669969561,0.01071594945861915,0.011133300365842161,0.0128027039947342,0.01071594945861915,0.01238535308751119,0.0128027039947342,0.01058086907373618,0.011133300365842161,0.0128027039947342
2004-11-30,0.023165195712993518,0.018067930434026498,0.008757439291822667,0.018067930434026498,0.023165195712993518,0.0435542568288616,0.018067930434026498,0.03845699154989458,0.0435542568288616,0.01656161322444564,0.023165195712993518,0.0435542568288616
2004-12-31,0.02098250655161472,0.01880895480183015,0.014805270837087102,0.01880895480183015,0.02098250655161472,0.029676713550753,0.01880895480183015,0.027503161800968425,0.029676713550753,0.01818437733396426,0.02098250655161472,0.029676713550753
2005-01-31,-0.01165734811335496,-0.00890271084555335,-0.003421034114301905,-0.00890271084555335,-0.01165734811335496,-0.0226758971845614,-0.00890271084555335,-0.01992125991675979,-0.0226758971845614,-0.008146352610168514,-0.01165734811335496,-0.0226758971845614
2005-02-28,0.01092478832388682,0.008483951202969551,0.0036517032982589293,0.008483951202969551,0.01092478832388682,0.0206881368075559,0.008483951202969551,0.018247299686638626,0.0206881368075559,0.007813613636638113,0.01092478832388682,0.0206881368075559
2005-03-31,-0.014993125373390941,-0.014125929476865001,-0.012398224001458456,-0.014125929476865001,-0.014993125373390941,-0.0184619089594947,-0.014125929476865001,-0.01759471306296876,-0.0184619089594947,-0.01388690684659692,-0.014993125373390941,-0.0184619089594947
2005-04-30,-0.004515119382598238,-0.0009156952229029992,0.006135264642188102,-0.0009156952229029992,-0.004515119382598238,-0.0189128160213792,-0.0009156952229029992,-0.015313391861683956,-0.0189128160213792,6.279554167082894e-05,-0.004515119382598238,-0.0189128160213792
2005-05-31,0.022326629566247338,0.01997919341987475,0.015305594266475363,0.01997919341987475,0.022326629566247338,0.0317163741517377,0.01997919341987475,0.029368938005365105,0.0317163741517377,0.01934281250992472,0.022326629566247338,0.0317163741517377
2005-06-30,0.00439802903195052,0.00511906331658615,0.006546171179697345,0.00511906331658615,0.00439802903195052,0.001513891893408,0.00511906331658615,0.0022349261780436305,0.007724234739764299,0.005314393878018571,0.00439802903195052,0.001513891893408
2005-07-31,0.01836545412556756,0.0135699239446825,0.0041545230685318705,0.0135699239446825,0.01836545412556756,0.0375475748491078,0.0135699239446825,0.032752044668222735,0.0365475748491078,0.012270547585048688,0.01836545412556756,0.0375475748491078
2005-08-31,-0.0009529162509330988,0.0011635273904255505,0.005314113016298956,0.0011635273904255505,-0.0009529162509330988,-0.0094186908163677,0.0011635273904255505,-0.0073022471750090485,-0.0094186908163677,0.0017367712039632786,-0.0009529162509330988,-0.0094186908163677
2005-09-30,0.00103211819391352,-0.0007080682585904495,-0.004020332916630766,-0.0007080682585904495,0.00103211819391352,0.0079928640039294,-0.0007080682585904495,0.0062526775514254295,0.0079928640039294,-0.0011795162629519734,0.00103211819391352,0.0079928640039294
2005-10-31,-0.01834483628209664,-0.01694731208210425,-0.014253317342949897,-0.01694731208210425,-0.01834483628209664,-0.0239349330820662,-0.01694731208210425,-0.022537408882073808,-0.0239349330820662,-0.016568768998867976,-0.01834483628209664,-0.0239349330820662
2005-11-30,0.02730393112974158,0.0233763757064985,0.015471595733246173,0.0233763757064985,0.02730393112974158,0.0430141528227139,0.0233763757064985,0.03908659739947081,0.0430141528227139,0.022312554037368624,0.02730393112974158,0.0430141528227139
2005-12-31,0.0033615703638563005,0.004680892476282,0.0073027925323374395,0.004680892476282,0.0033615703638563005,-0.0019157180858465,0.004680892476282,-0.0005963959734207988,-0.0019157180858465,0.00503822895088996,0.0033615703638563005,-0.0019157180858465
2006-01-31,0.013999737779140521,0.011567095940688601,0.0067033441282962234,0.011567095940688601,0.013999737779140521,0.0237303051329482,0.011567095940688601,0.02129766329449628,0.0237303051329482,0.010908222441007942,0.013999737779140521,0.0237303051329482
2006-02-28,0.00406793691551352,0.003657554217867,0.0028366225568097433,0.003657554217867,0.00406793691551352,0.0057094677060996,0.003657554217867,0.00529908500845308,0.0057094677060996,0.003546403477137304,0.00406793691551352,0.0057094677060996
2006-03-31,0.0063366103775948195,0.0038284374173416496,-0.001093282575805803,0.0038284374173416496,0.0063366103775948195,0.0163693022186075,0.0038284374173416496,0.013861129258354326,0.0163693022186075,0.0031491030534648175,0.0063366103775948195,0.0163693022186075
2006-04-30,0.00693534552455944,0.0055310641506061,0.0027822661075200712,0.0055310641506061,0.00693534552455944,0.0125524710203728,0.0055310641506061,0.011148189646419459,0.0125524710203728,0.005150715315661985,0.00693534552455944,0.0125524710203728
2006-05-31,-0.01914535902464684,-0.01628574972071245,-0.01041408492736049,-0.01628574972071245,-0.01914535902464684,-0.0305837962403844,-0.0310837962403844,-0.02772418693645001,-0.0305837962403844,-0.01551122394578583,-0.01914535902464684,-0.0305837962403844
2006-06-30,0.00091832653267348,0.0004967696568656001,-0.0003699251434685923,0.0004967696568656001,0.00091832653267348,0.002604554035905,0.002604554035905,0.00218299716009712,0.002604554035905,0.00038259185606311725,0.00091832653267348,0.002604554035905
2006-07-31,0.0081989279395597,0.00913155158770215,0.010998363645818618,0.00913155158770215,0.0081989279395597,0.0044684333469899,0.00863155158770215,0.005401056995132351,0.0044684333469899,0.00938414933819143,0.0081989279395597,0.0044684333469899
2006-08-31,0.01926640960443322,0.01868600492685695,0.01754591412014101,0.01868600492685695,0.01926640960443322,0.0215880283147383,0.01868600492685695,0.021007623637162028,0.0215880283147383,0.018528804439831226,0.01926640960443322,0.0215880283147383
2006-09-30,0.020012064195946942,0.0183542474638476,0.015113122222643344,0.0183542474638476,0.020012064195946942,0.0266433311243443,0.0183542474638476,0.024985514392244963,0.0266433311243443,0.017905233867535383,0.020012064195946942,0.0266433311243443
2006-10-31,0.02135165120816904,0.018932008650713,0.014303639516590985,0.014006026538702157,0.02135165120816904,0.0310302214379932,0.018932008650713,0.028610578880537158,0.0310302214379932,0.01827665740624664,0.02135165120816904,0.0310302214379932
2006-11-30,0.016039421922004322,0.0151266783951361,0.013391535789655969,0.01337801214472809,0.016039421922004322,0.0196903960294772,0.0151266783951361,0.01877765250260898,0.0196903960294772,0.014879465189070636,0.016039421922004322,0.0196903960294772
2006-12-31,0.00556036799844164,0.0036298116272287496,0.00018728021389266815,-3.8960803469669364e-05,0.00556036799844164,0.0132825934832932,0.0036298116272287496,0.01135203711208031,0.0132825934832932,0.003106927529240186,0.00556036799844164,0.0132825934832932
2007-01-31,0.00867607230168462,0.0071130547718973,0.004348964166134107,0.004323570374619179,0.00867607230168462,0.0149281424208339,0.0071130547718973,0.01336512489104658,0.0149281424208339,0.006689717200195072,0.00867607230168462,0.0149281424208339
2007-02-28,-0.005438223457692258,-0.0018446889335675988,0.004571785236553739,0.004507280271449566,-0.005438223457692258,-0.0198123615541909,-0.0018446889335675988,-0.016218827030066236,-0.0198123615541909,-0.0008713934123375786,-0.005438223457692258,-0.0198123615541909
2007-03-31,0.0061321691163526,0.004784647260613901,0.002416566891858005,0.0023760615811376914,0.0061321691163526,0.0115222565393074,0.004784647260613901,0.0101747346835687,0.0115222565393074,0.004419675933804682,0.0061321691163526,0.0115222565393074
2007-04-30,0.028358022052138238,0.024611770287911398,0.016566032817377598,0.018033779009161196,0.028358022052138238,0.0433430291090456,0.024611770287911398,0.03959677734481875,0.0433430291090456,0.02359711172733742,0.028358022052138238,0.0433430291090456
2007-05-31,0.01632825301515466,0.012071006547124051,0.0030142461682647224,0.0029330338188991766,0.01632825301515466,0.0333572388872771,0.012071006547124051,0.02909999241924649,0.0333572388872771,0.010917942265263563,0.01632825301515466,0.0333572388872771
2007-06-30,-0.01034713818642482,-0.00925180665713685,-0.006901329483353593,-0.0069229251632761364,-0.01034713818642482,-0.0147284643035767,-0.00925180665713685,-0.01363313277428873,-0.0147284643035767,-0.008955137467993306,-0.01034713818642482,-0.0147284643035767
2007-07-31,-0.014817048607517157,-0.0105685680847472,-0.0014993522938415735,-0.0014457863972717436,-0.014817048607517157,-0.031810970698597,-0.0105685680847472,-0.02756249017582704,-0.031810970698597,-0.009417746344030512,-0.014817048607517157,-0.031810970698597
2007-08-31,0.01273608340589198,0.012732380895437701,0.012721590540841307,0.012723196707470984,0.01273608340589198,0.0127508934477091,0.012732380895437701,0.01274719093725482,0.0127508934477091,0.012731083279144415,0.01273608340589198,0.0127508934477091
2007-09-30,0.02531360114803652,0.02214601760473545,0.01514645248540063,0.015292314843459377,0.02531360114803652,0.0379839353212408,0.02214601760473545,0.03481635177793973,0.0379839353212408,0.021287253201422503,0.02531360114803652,0.0379839353212408
2007-10-31,0.012097186536042241,0.0117526752761302,0.010993539358622847,0.010987337493004581,0.012097186536042241,0.0134752315756904,0.0117526752761302,0.01313072031577836,0.0134752315756904,0.011659332769873552,0.012097186536042241,0.0134752315756904
2007-11-30,-0.01655179892043498,-0.01081413555330595,0.0019864273223541024,0.0018169612042978481,-0.01655179892043498,-0.0395024523889511,-0.01081413555330595,-0.03376478902182206,-0.0395024523889511,-0.009213990095753232,-0.01655179892043498,-0.0395024523889511
2007-12-31,-0.006832040052119124,-0.005708902409737406,-0.003210057956560272,-0.0032056223597575423,-0.006832040052119124,-0.0010932141978288131,-0.005708902409737406,-0.01020145297926428,-0.0010932141978288131,-0.005401970567774807,-0.006832040052119124,-0.011324590621646
2008-01-31,-0.02827302125149666,-0.019749810394269852,-0.00023432687664909447,-0.000782702254425659,-0.02827302125149666,0.0228662438918642,0.022366243891864198,-0.053842653823177086,0.0228662438918642,0.014048571746769482,-0.02827302125149666,-0.01182659953704304
2008-02-29,-0.016350103585216057,-0.013891976015372799,-0.008164456167237492,-0.008268261294750449,-0.016350103585216057,-0.0016013381661565,-0.0016013381661565,-0.023724486294745835,-0.0016013381661565,-0.0017004102103979394,-0.016350103585216057,-0.0020013381661565
2008-03-31,-0.0048710573916294795,-0.0038432246365300497,-0.0014026554270246483,-0.001450740684500793,-0.0048710573916294795,0.0012959391389671,0.0012959391389671,-0.007954555656927768,0.0012959391389671,0.0012959391389671,-0.0048710573916294795,0.0012959391389671
2008-04-30,0.0292450391419891,0.02491589873069695,0.014158807469386612,0.014611744581132877,0.0292450391419891,0.0032701966742362,0.0032701966742362,0.042232460375865546,0.0032701966742362,0.0032701966742362,0.0292450391419891,0.0032701966742362
2008-05-31,0.003908577351120999,0.0011348796819211499,-0.0054599855188749115,-0.005760944645466572,0.003908577351120999,-0.0127336086640781,-0.0127336086640781,0.012229670358720548,-0.0127336086640781,-0.0127336086640781,0.003908577351120999,-0.0127336086640781
2008-06-30,-0.05310576557935836,-0.044563172915859206,-0.021797427181036527,-0.024296277291848585,-0.05310576557935836,-0.0018502095983634,-0.0018502095983634,-0.07873354356985585,-0.0018502095983634,-0.0018502095983634,-0.05310576557935836,-0.0018502095983634
2008-07-31,-0.00384366492938956,-0.0025479077353232,0.0009439319171749039,0.0008802457737036337,-0.00384366492938956,0.0039308782350086,0.0039308782350086,-0.007730936511588639,0.0039308782350086,0.0039308782350086,-0.00384366492938956,0.0039308782350086
2008-08-31,0.012158522030527339,0.01136422905099505,0.009205699095352843,0.009219132391166302,0.012158522030527339,0.0073927641533336,0.0073927641533336,0.01454140096912421,0.0073927641533336,0.0073927641533336,0.012158522030527339,0.0073927641533336
2008-09-30,-0.06644658418854049,-0.0583313146293933,-0.03501859543502377,-0.03629811166646729,-0.06644658418854049,-0.0177549668336573,-0.0177549668336573,-0.08471113593157072,-0.0177549668336573,-0.0177549668336573,-0.06644658418854049,-0.0177549668336573
2008-10-31,-0.11755762067282843,-0.10181031910586856,-0.05143335780331927,-0.056558084766262694,-0.05732628887851549,-0.0230738112710691,-0.10231031910586856,-0.11819490408587961,-0.0230738112710691,-0.0230738112710691,-0.03888279549477871,-0.0230738112710691
2008-11-30,-0.03137093527214628,-0.021176693588200252,0.010206447930089181,0.011424041927172114,0.02957944594272862,0.0297945148315299,0.0292945148315299,-0.03168003070478726,0.0297945148315299,0.0297945148315299,0.016478074802965825,0.0297945148315299
2008-12-31,0.03164842609652116,0.0371233825682835,0.05105629947205076,0.053972504160697495,0.0644981649270952,0.0644981649270952,0.0644981649270952,0.03210792393015492,0.0644981649270952,0.0644981649270952,0.05632712426221751,0.0644981649270952
2009-01-31,-0.0594360291559382,-0.0528743520638903,-0.036169057238804495,-0.03616547334126192,-0.0200659666036508,-0.0200659666036508,-0.0200659666036508,-0.05718425310668996,-0.0200659666036508,-0.0200659666036508,-0.033087563654143365,-0.0200659666036508
2009-02-28,-0.07244659537214522,-0.0621404030716065,-0.03501751753614259,-0.03590151132734607,-0.0106094415689129,-0.0106094415689129,-0.0106094415689129,-0.06536025695639675,-0.0106094415689129,-0.0106094415689129,-0.0321413625195016,-0.0106094415689129
2009-03-31,0.052400856065791,0.0454956606451721,0.02670100499882284,0.02730875404592793,0.0109696835420776,0.0109696835420776,0.0109696835420776,0.04610670861018492,0.0109696835420776,0.0109696835420776,0.026075547534842314,0.0109696835420776
2009-04-30,0.058884912036778994,0.049927281981593144,0.024705847235742585,0.02554889697887309,0.0051391317056639,0.0051391317056639,0.0051391317056639,0.048680493322628915,0.0051391317056639,0.0051391317056639,0.02521094011212565,0.0051391317056639
2009-05-31,0.03691363210336348,0.031939846353407145,0.017770087214417092,0.017931288388325122,0.0070709176036255,0.0070709176036255,0.0070709176036255,0.030896757897272465,0.0070709176036255,0.0070709176036255,0.01784107588385807,0.0070709176036255
2009-06-30,0.00128686027212868,0.0017722972212928997,0.0031565131495094605,0.0031515621045665448,0.004199481967114,-0.0016548875245282,0.004199481967114,0.0018734525665403845,0.004199481967114,0.004199481967114,0.0031423187988058555,0.004199481967114
2009-07-31,0.048216448507617776,0.0422820886638518,0.02507724709621655,0.025354903164964845,0.0126102894450219,0.0719538878826817,0.0126102894450219,0.04031713333235937,0.0126102894450219,0.0126102894450219,0.025502613007232777,0.0126102894450219
2009-08-31,0.02661581115288686,0.02420134341132925,0.017169139964947257,0.017198607479083156,0.0121290047035412,0.0362736821191173,0.0121290047035412,0.023364008236427692,0.0121290047035412,0.0121290047035412,0.01743747204729374,0.0121290047035412
2009-09-30,0.025630591297437284,0.023327375857226003,0.016615610044971554,0.01661913534331527,0.0118112986561696,0.0348434530582824,0.0118112986561696,0.022499674151201757,0.0118112986561696,0.0118112986561696,0.01686713168811272,0.0118112986561696
2009-10-31,-0.01076147918108178,-0.0085985444435292,-0.0023148739505557928,-0.0022959623311858313,0.0022161292442337,-0.0194132181312921,-0.009098544443529201,-0.00786788346722751,0.0022161292442337,0.0022161292442337,-0.002561724855605011,0.0022161292442337
2009-11-30,0.040982630503824724,0.0362822385702361,0.02251838794808472,0.0226241697695971,0.012780278902293,0.0597841982381792,0.0362822385702361,0.03435317707447639,0.0587841982381792,0.012780278902293,0.02315649238329273,0.012780278902293
2009-12-31,0.00375674498092408,-3.424884735139973e-05,-0.010977046608636045,-0.011135598151417934,-0.0189892179887288,0.018920720294026,-3.424884735139973e-05,-0.001580952475152183,0.018920720294026,-0.0189892179887288,-0.01057526186802093,-0.0189892179887288
2010-01-31,-0.016591926922264397,-0.0114851915336232,0.0032442070989325894,0.003245585984583753,0.0140484854095828,-0.0370188684768292,-0.0114851915336232,-0.009371819020684645,-0.0370188684768292,0.0140484854095828,0.002429520175410414,0.0140484854095828
2010-02-28,0.01922327088076886,0.01634972261802575,0.00800564147776427,0.00806135536735631,0.0019819813043102,0.0307174639317413,0.01634972261802575,0.015104732273264731,0.0307174639317413,0.0019819813043102,0.008647023752545727,0.0019819813043102
2010-03-31,0.03543227596491916,0.02951569186141275,0.012177068883229487,0.012337367121346829,-6.722865611929893e-05,0.0590986123789448,0.02951569186141275,0.026619679378573177,0.0590986123789448,-6.722865611929893e-05,0.01408778626872257,-6.722865611929893e-05
2010-04-30,0.013084860041470138,0.012518254179861799,0.010864766257002438,0.010855371345507889,0.009716039450964864,0.0153512834879035,0.012518254179861799,0.012254769195580092,0.0153512834879035,0.0096852248718201,0.01097585341804675,0.0096852248718201
2010-05-31,-0.04536624751779052,-0.0360107133780458,-0.008318010457653171,-0.008734227653655186,0.007838830592617934,-0.0827883840767694,-0.0360107133780458,-0.0310608245913426,-0.0827883840767694,0.0107669573206778,-0.010345469234818118,0.0107669573206778
2010-06-30,-0.02486366720806702,-0.01779763419909475,0.003174866021681591,0.0031169699008319106,0.01750149367040172,0.0165325308457666,-0.01779763419909475,-0.013925311627474922,-0.0531277992439561,0.0175325308457666,0.0013944879150648798,0.0175325308457666
2010-07-31,0.04304585783873392,0.03729001788629995,0.020028203687283943,0.02020487461378529,0.0085108181241301,0.0650692176484698,0.03729001788629995,0.03368793439421779,0.0660692176484698,0.0085108181241301,0.02182915761824422,0.0085108181241301
2010-08-31,-0.02249977423122178,-0.01661886300853055,0.0010538294370045949,0.0010119149811689682,0.0127856931049256,0.0117856931049256,-0.01661886300853055,-0.01289407378242695,0.0117856931049256,0.0127856931049256,-0.0007346415858779423,0.0127856931049256
2010-09-30,0.05149085861707128,0.04292128740278287,0.016872708642033985,0.017167265516276887,7.343133134084682e-05,0.0847691434742249,0.04292128740278287,0.036789234912603594,0.0847691434742249,7.343133134084682e-05,0.019855922214953456,7.343133134084682e-05
2010-10-31,0.02310266137475674,0.01950579403101935,0.008542992264199498,0.008570565912328338,0.0015214573123324,0.0374901307497063,0.01950579403101935,0.01687819409218545,0.0374901307497063,0.0015214573123324,0.009857002919676264,0.0015214573123324
2010-11-30,-0.00335368491930384,-0.0041921061491298,-0.006741048363647243,-0.006748151836435,-0.0083842122982596,0.0,-0.0041921061491298,-0.004797693972249346,0.0,-0.0083842122982596,-0.006477443456212688,-0.0083842122982596
2010-12-31,0.03611655310243592,0.028967536940699347,0.007134348744525173,0.007239706217213166,-0.0067775438679835,0.0647126177493822,0.028967536940699347,0.023473369776256237,0.0647126177493822,-0.0067775438679835,0.00993499469259478,-0.0067775438679835
2011-01-31,0.0134794207178935,0.01109103410819645,0.0037665761547655678,0.003795894749866284,-0.0004719018246447704,0.0230329671566817,0.01109103410819645,0.009315682393417382,0.0230329671566817,-0.0008508989402888,0.0047764437202722715,-0.0008508989402888
2011-02-28,0.02164856476556946,0.0185238570825026,0.008927233529695228,0.008941706919115435,0.0034091088210374573,0.0341473954978369,0.0185238570825026,0.016199874401224786,0.0341473954978369,0.0029003186671683,0.010337178394407957,0.0029003186671683
2011-03-31,-0.0008211032590089601,-0.00105643837416935,-0.0017786784019863428,-0.0017796516838150876,-0.002176249516185917,0.0001202372016326,-0.00105643837416935,-0.0012312325752519733,0.0001202372016326,-0.0022331139499713,-0.001667580090988093,-0.0022331139499713
2011-04-30,0.02335139050689616,0.02205181160970535,0.018088108192013168,0.018065047255835787,0.01579021677961231,0.0285497060956594,0.02205181160970535,0.02109978412943958,0.0285497060956594,0.0155539171237513,0.018788622132309266,0.0155539171237513
2011-05-31,-0.0018375549704623797,0.0005223762599198501,0.007768116781459138,0.007714815259269665,0.011824551909137315,-0.0112772798919913,0.0005223762599198501,0.002250753489229106,-0.0112772798919913,0.012322032411831,0.006069707542548946,0.012322032411831
2011-06-30,-0.01199307128813404,-0.01073786377293115,-0.006945600844213691,-0.0068850417894039785,-0.004834091895489932,-0.0170139013489456,-0.01073786377293115,-0.009971059704949816,-0.0170139013489456,-0.0044618261969167,-0.00791083085846502,-0.0044618261969167
2011-07-31,-0.005433965729585899,-0.001740608203317999,0.009392088177598958,0.009426857798660536,0.015987220559083772,-0.0202073958346575,-0.001740608203317999,0.0005525260930581562,-0.0202073958346575,0.0167261794280215,0.008099909822383356,0.0167261794280215
2011-08-31,-0.02789048743614144,-0.020727037945558448,0.0009358455086363647,0.0008663530129102708,0.01438225307618462,0.0140902095073565,-0.020727037945558448,-0.016036452188970093,-0.0565442853984734,0.0150902095073565,-0.0015908957738608785,0.0150902095073565
2011-09-30,-0.04009865812654079,-0.03213620795119515,-0.007845502717836813,-0.008056970048158025,0.007666299818921627,0.007676042925533,-0.03213620795119515,-0.027887801047428093,0.006676042925533,0.007676042925533,-0.010888175215845253,0.007676042925533
2011-10-31,0.06266067383500827,0.05242791244369915,0.02191796213652729,0.021205148280619465,0.0012641054871535,0.0012641054871535,0.05242791244369915,0.05315658779002233,0.1025917194002448,0.0012641054871535,0.025196600763634683,0.0012641054871535
2011-11-30,-0.0037688174033394797,-0.0036929380534664,-0.0034668359080995844,-0.0034737568540453645,-0.003313541304101,-0.003313541304101,-0.0036929380534664,-0.003715037128778518,-0.0040723348028318,-0.003313541304101,-0.0034948798907432003,-0.003313541304101
2011-12-31,0.0116270198554051,0.011935218401558749,0.012964015125762415,0.012854684761584682,0.013476211132327,0.013476211132327,0.011935218401558749,0.011868872929705359,0.012476211132327001,0.013476211132327,0.012744826486090773,0.013476211132327
2012-01-31,0.030090976431249097,0.0262808124657767,0.012602087554469921,0.012862730479291045,0.0072299926384147,0.0443316322931387,0.0262808124657767,0.02824233969142805,0.0072299926384147,0.0072299926384147,0.01679677986863151,0.0072299926384147
2012-02-29,0.02543959031940772,0.02117710444829615,0.006127770542393174,0.005875466074009349,-0.0001353249072617,0.042489533803854,0.02117710444829615,0.026173038557691233,-0.0001353249072617,0.002921096404736615,0.012145362760923577,0.01651461857718458
2012-03-31,0.01669633108582412,0.012955966891504748,-4.606944588926324e-05,-0.0002506584845788717,-0.0057458540800921,0.0316577878631016,0.012955966891504748,0.018055112839963985,0.030657787863101596,0.005807823155350521,0.006235163575133405,0.031057787863101597
2012-04-30,-0.00041138582370977943,0.0011603581255881005,0.006530192990333112,0.006616210332198404,0.008888786199765129,-0.0066983616209013,0.0011603581255881005,-0.0014430711675403878,0.0080190778720775,0.0018109826057836054,0.003790927923510511,-0.0066983616209013
2012-05-31,-0.03287130160083358,-0.0256053928081122,-0.0005614143559836806,-0.0007617226481806483,0.010716357397822234,-0.0619349367717191,0.0102241511554947,-0.03644329683825667,0.0107241511554947,-0.015363597092174443,-0.012992966374372056,-0.0619349367717191
2012-06-30,0.02378843223297046,0.019790701334638148,0.006018546646988499,0.006007193388820949,-0.0001979531570234,0.0397793558262997,0.019290701334638147,0.025668735218410416,-0.0001979531570234,0.018353169325677945,0.012976276824855896,0.0397793558262997
2012-07-31,0.01246761537529446,0.01264448877543295,0.013243588476772117,0.013253585066039523,0.0135288557761254,0.0117601217747405,0.01264448877543295,0.012327604837293909,0.010760121774740498,0.012688557658592016,0.012947494606225284,0.0117601217747405
2012-08-31,0.014846396788622679,0.012372013739420625,0.003934663928238719,0.003935546183575636,9.849341035104101e-08,0.0247439289854309,0.012372013739420625,0.016616314003046424,0.0247439289854309,0.011690925016470505,0.008143349287001849,0.0247439289854309
2012-09-30,0.01608612801332662,0.0138488683785459,0.006201064197832992,0.006220063985219961,0.0026625702046423,0.0250351665524495,0.0138488683785459,0.017765367757430574,0.0250351665524495,0.013235541885839775,0.00999961457863937,0.0250351665524495
2012-10-31,-0.01120870459191564,-0.0094193219367855,-0.003314627327871389,-0.0033040083433765527,-0.0004724086611348,-0.0183662352124362,-0.0094193219367855,-0.012550378722648888,-0.0183662352124362,-0.00891584045391436,-0.006348932587803542,-0.0183662352124362
2012-11-30,0.00446770870374548,0.00417364224157215,0.00317156637508537,0.0031696940976134852,0.0027033099307055,0.0056439745524388,0.00417364224157215,0.004720874243303048,0.0056439745524388,0.004092244733431604,0.0036689959141875455,0.0056439745524388
2012-12-31,0.00435490725862904,0.00321985847192505,-0.0008302862908885247,-0.0006461248047539365,-0.0024553854615949,0.008895102405445,0.00321985847192505,0.005397736800266305,0.008895102405445,0.0028970669502538823,0.00125787633805282,0.008895102405445
2013-01-31,0.02746130333108626,0.02184592570662455,0.0019557160388924025,0.001867887461916603,-0.0060697671423419804,0.0499228138289331,0.02184592570662455,0.032791904107654736,0.0499228138289331,0.020258741325167532,0.012165143217743915,0.0499228138289331
2013-02-28,0.009963172876346838,0.009284534136690049,0.006882532028825375,0.006879568750451633,0.006198204134135597,0.012677727834974,0.009284534136690049,0.010618876593677426,0.012677727834974,0.009095146205110757,0.008099938454343569,0.012677727834974
2013-03-31,0.022755095217464896,0.0191266868563202,0.006332365114833429,0.006285381336410834,0.00342906228208857,0.0372687286620437,0.0191266868563202,0.026583567329383617,0.0372687286620437,0.0181167681748512,0.01278691852476764,0.0372687286620437
2013-04-30,0.01527358246605174,0.0143345947917312,0.011023218557472023,0.01102259989403962,0.010437349726609561,0.0190295331633339,0.0143345947917312,0.01626169720565027,0.0190295331633339,0.01407612881854494,0.012685633875524707,0.0190295331633339
2013-05-31,0.0059156674072110595,0.0015607238176054503,-0.012680206405746937,-0.013796905840708489,-0.016996475695215604,0.0233354417656335,0.0015607238176054503,0.012791112615464633,0.0233354417656335,0.0002787238824475785,-0.006012840258547293,0.0233354417656335
2013-06-30,-0.01437191702551068,-0.014606379443465399,-0.015359315245652198,-0.015397916073922996,-0.015592484898472857,-0.0134340673536918,-0.013934067353691801,-0.013981432824938468,-0.0134340673536918,-0.01468917429290916,-0.015007426106713087,-0.0134340673536918
2013-07-31,0.03130685662651568,0.0265370588567455,0.011452639622315214,0.011397447678591412,0.009014440765645074,0.0503860477055964,0.0503860477055964,0.04020415790959564,0.0503860477055964,0.024904368614608288,0.019003111239656888,0.0503860477055964
2013-08-31,-0.02159038905368294,-0.01937506645019245,-0.012422853015309984,-0.012370582075814396,-0.011847407431801604,-0.0304516794676449,-0.0304516794676449,-0.025760102817304013,-0.0304516794676449,-0.018499092114197528,-0.01584825278390451,-0.0304516794676449
2013-09-30,0.02315155727544574,0.02115038979067055,0.015068843418578613,0.014865868504709058,0.014062930798915942,0.0311562272145465,0.0311562272145465,0.02769120101356393,0.0311562272145465,0.020357516922328504,0.01801057325242663,0.0311562272145465
2013-10-31,0.03047641675294582,0.0267789103032604,0.015571546402458279,0.015551138682254892,0.015571194023337277,0.0452664425516875,0.0452664425516875,0.038664512762732306,0.0452664425516875,0.025453736382580167,0.02079806529866441,0.0452664425516875
2013-11-30,0.01652045401806358,0.013348773773521,0.003640474512801417,0.0037351817033971697,0.004535712975083222,0.0292071749962339,0.0292071749962339,0.023622936778910007,0.0292071749962339,0.012187067536409652,0.008298476944355983,0.0292071749962339
2013-12-31,0.013124286646199499,0.01000632817042275,0.0005837667487679278,0.00046241844667893866,0.002952474189712462,0.0255961205493065,0.0255961205493065,0.020715940664064653,0.0255961205493065,0.008738394660603234,0.004988316717379812,0.0255961205493065
2014-01-31,-0.015414155791626501,-0.0102965528845592,0.005139799415076917,0.005158625933658102,0.0009152550090723247,-0.0358845674198957,-0.010796552884559201,-0.027177114530089377,-0.0358845674198957,-0.007733786394855693,0.002872722734187902,-0.0358845674198957
2014-02-28,0.028209025812457617,0.024133742390266597,0.011798101551021534,0.011840580865602012,0.013933926737890203,0.0445101595012217,0.044010159501221696,0.037311560373387974,0.0445101595012217,0.022454239431433726,0.013098759128577648,0.0445101595012217
2014-03-31,0.00436427278191184,0.0033899808090810998,0.0004409652263208027,0.00044007476904361285,0.0009829801614807448,0.0082614406732348,0.0082614406732348,0.00655675359972349,0.0082614406732348,0.0030116692045118955,0.0007996703551798831,0.0082614406732348
2014-04-30,0.00742987376004782,0.00755545907959145,0.007936455118767631,0.007935569979455019,0.00785760717422244,0.0069275324818733,0.0069275324818733,0.0071322130875721675,0.0069275324818733,0.0076011059601641855,0.00788233806583195,0.0069275324818733
2014-05-31,0.0184533435450015,0.017331427294157452,0.013900482497629785,0.013893930774989278,0.014524488630587414,0.0229410085483777,0.01683142729415745,0.021047210847736544,0.0229410085483777,0.016914489811168748,0.01446557246992535,0.0229410085483777
2014-06-30,0.012030331257739299,0.0099292300268118,0.003506720810163103,0.0035040969084154075,0.004623186314477361,0.0204347361814493,0.0099292300268118,0.017115091383680652,0.0204347361814493,0.009138361093626713,0.004656874397685936,0.0204347361814493
2014-07-31,-0.009122002006600499,-0.00802036478682845,-0.0046054419317499585,-0.004653128429012151,-0.005334442890638796,-0.0135285508856887,-0.00802036478682845,-0.011760464785758065,-0.0135285508856887,-0.0075986523021012884,-0.005268078595047665,-0.0135285508856887
2014-08-31,0.0277949606063627,0.025067626378872998,0.016751199215482047,0.016596760700870256,0.018340452308045433,0.0387042975163215,0.025067626378872998,0.035144773179687706,0.0387042975163215,0.02413658321433261,0.01829183495655646,0.0387042975163215
2014-09-30,-0.010802117359769579,-0.01002964668836255,-0.007825811809659019,-0.007681472309355297,-0.008127288316067547,-0.0138920000453977,-0.01002964668836255,-0.013148889572883203,-0.0138920000453977,-0.009762341138474682,-0.008106605388383661,-0.0138920000453977
2014-10-31,0.018200307004731298,0.016930957087797897,0.013592860387145,0.013264086009276612,0.013830838939458315,0.0232777066724649,0.016930957087797897,0.022008356755531498,0.0232777066724649,0.01652420673214354,0.013777838174934873,0.0232777066724649
2014-11-30,0.01888054384221704,0.0168252698247567,0.01147131556552779,0.011436872119744973,0.011950970026229621,0.0271016399120584,0.0168252698247567,0.02504636589459806,0.0271016399120584,0.01621042888988267,0.011788633267967369,0.0271016399120584
2014-12-31,-0.0009340272528457999,-0.0005324989463103,0.0005315849868225823,0.0005129988024657313,0.0004136220975296534,-0.0025401404789878,-0.0005324989463103,-0.0021386121724522996,-0.0025401404789878,-0.00039670471154258527,0.0004548685503143467,-0.0025401404789878
2015-01-31,-0.00992023326134976,-0.004881016555614251,0.008155283167847109,0.008543000408262228,0.008431593870794871,-0.0300771000842918,-0.004881016555614251,-0.025037883378556287,-0.0300771000842918,-0.003082591118447831,0.008491648049152941,-0.0300771000842918
2015-02-28,0.0292140495954505,0.0228469996310227,0.006442916109703219,0.006358293666723969,0.00617690905287514,0.0546822494531617,0.0228469996310227,0.0483151994887339,0.0546822494531617,0.0209894150920535,0.006420768289106885,0.0546822494531617
2015-03-31,-0.00800199600855688,-0.0060449280873964,-0.0009313326723495019,-0.001004338864748561,-0.001114995607444078,-0.0158302676931988,-0.0060449280873964,-0.013873199772038316,-0.0158302676931988,-0.005492475480676801,-0.0010660164504172878,-0.0158302676931988
2015-04-30,0.004578047015209859,0.00327615395701775,-0.00011920312809595942,-0.00013198054005571143,-0.00018584245594299045,0.0097856192479783,0.00327615395701775,0.008483726189786189,0.0097856192479783,0.00290304386115897,-1.671759456150102e-05,0.0097856192479783
2015-05-31,0.005911117631609619,0.004195336779186,7.361518558932736e-05,-0.0002792102898210754,-0.00024287599705775015,0.0127742410413041,0.004195336779186,0.011058460188880476,0.0127742410413041,0.003697431445808985,-0.00013984235542813912,0.0127742410413041
2015-06-30,-0.01664284364799564,-0.01567319547738905,-0.013388904167742018,-0.013377970293546681,-0.013590473327335966,-0.020521436330422,-0.01567319547738905,-0.019551788159815408,-0.020521436330422,-0.015341962159853494,-0.013378908869867057,-0.020521436330422
2015-07-31,0.01683665269020796,0.015461279229797151,0.012159919956818852,0.012213783938947922,0.013049849054229755,0.0223381465318512,0.015461279229797151,0.020962773071440392,0.0223381465318512,0.0150378391176327,0.012285652795544678,0.0223381465318512
2015-08-31,-0.03907741152789286,-0.033125133265039554,-0.017626239075124228,-0.018858217532008063,-0.022825191898402555,-0.004363741950773,-0.033125133265039554,-0.05693424631645279,-0.004363741950773,-0.003833265674162806,-0.00971680735933498,-0.004363741950773
2015-09-30,-0.012276025080863619,-0.00888316582187135,3.3590868615810953e-05,-5.7661692156120175e-05,-0.0036766203597728194,0.00808113047309,0.00758113047309,-0.022454602857840428,0.00808113047309,0.00808113047309,0.00474836020275333,0.00808113047309
2015-10-31,0.04925539963031005,0.0411604641950799,0.018862677859450165,0.019878979079121718,0.026104913548618845,0.08063514137123069,0.0406604641950799,0.07354020593600052,0.08063514137123069,0.0006857870189291,0.012177012358914132,0.0006857870189291
2015-11-30,0.0006297296942516396,-0.000124927691653,-0.0021977967774868836,-0.002214927228198146,-0.0015163332582551715,0.0036483592378702,-0.000124927691653,0.002893701851965559,0.0036483592378702,-0.0026132988333716287,-0.0022442801612801025,0.0026483592378702
2015-12-31,-0.011227843981949119,-0.009676410997691549,-0.005381240242990655,-0.005417179039477368,-0.006723377883480666,-0.0174335759189794,-0.009676410997691549,-0.01588214293472183,-0.0174335759189794,-0.0073360252755525785,-0.005862206349186728,-0.0174335759189794
2016-01-31,-0.025709420993243897,-0.019369571155080298,-0.0015774115424847669,-0.0018100906947722704,-0.0060380844671869,0.0113296780357377,-0.019369571155080298,-0.044728970507734694,0.0113296780357377,-0.015450429641480565,-0.004558776055197703,-0.0510688203458983
2016-02-29,0.0030371531087526205,0.0040029664905196,0.006705009211147915,0.006710298037396776,0.006430741101930232,0.0088320333993545,0.0083320333993545,0.0001397129634516809,0.0088320333993545,0.004295593141889737,0.006273248345827972,-0.0008261004183153
2016-03-31,0.04254356425754076,0.03690440098240195,0.02088263590271187,0.021122030727757386,0.021762754002917266,0.064100217358096,0.03640440098240195,0.05754122471801283,0.0087085846067079,0.03534786644254387,0.02380227979494166,0.065100217358096
2016-04-30,0.00337864712953358,0.0032399343710182,0.0028420627049914383,0.002841746268791455,0.0028678370564444305,0.0039334981635951,0.0032399343710182,0.0037492885355073307,0.0025463705784413,0.0032017942862296906,0.002906279415349195,0.0039334981635951
2016-05-31,0.010175258598243819,0.0085019301689125,0.00344242416943358,0.003720233143924031,0.0040383940504410505,0.0168685723155691,0.0085019301689125,0.01466524210143018,0.0001352880222559,0.008044859445347228,0.004416121614522599,0.0168685723155691
2016-06-30,0.00974860702032118,0.01131831378978735,0.016077492513439557,0.01603396850959179,0.015197470875161708,0.0034697799424565,0.01131831378978735,0.0053107859343304985,0.0191668476371182,0.011744582631103475,0.015185743739612428,0.0034697799424565
2016-07-31,0.0236648715142056,0.0206256577089257,0.011475766668344886,0.011405547669821076,0.012853133084890953,0.0358217267353252,0.0206256577089257,0.032541729306094516,0.0054295886825262,0.0198007246434472,0.013420424183819425,0.0358217267353252
2016-08-31,-0.00014416090044764012,-0.0004794625828722001,-0.0014910665981316238,-0.0014909938570442844,-0.001285008862259691,0.0011970458292506,-0.0004794625828722001,0.0008541693237886474,0.0001970458292505999,-0.000570524706636331,-0.0013018545880875939,0.0011970458292506
2016-09-30,0.00024094935256003738,0.0002867415610040645,0.0004242765431499435,0.0004242705086221675,0.0003229508827092471,5.778051878392899e-05,0.0002867415610040645,0.00010357272722795614,5.778051878392899e-05,0.00029916379835720757,0.0003918520899222696,5.778051878392899e-05
2016-10-31,-0.01377552742948344,-0.0128472043336304,-0.010096825423903692,-0.010039657822067467,-0.011626204854510457,-0.0174888198128956,-0.0128472043336304,-0.01656049671704256,-0.0174888198128956,-0.012592572585875266,-0.010782167563871622,-0.0174888198128956
2016-11-30,0.011309945814302239,0.005093395697760501,-0.011797629885250998,-0.013368158409061593,-0.004266687180318689,0.0361761462804692,0.005093395697760501,0.029959596163927456,0.0361761462804692,0.0033511985398379765,-0.0071811384637723834,0.0361761462804692
2016-12-31,0.01305665164981574,0.011303572549620649,0.006521059879024582,0.006521901399642013,0.009791197010080794,0.0200689680505961,0.011303572549620649,0.01831588895040101,0.0200689680505961,0.010809080149762828,0.008369464405263932,0.0200689680505961
2017-01-31,0.01149221066229542,0.0099311873281318,0.005666030085893529,0.005672458926183983,0.008917262795944177,0.0177363039989499,0.0099311873281318,0.016175280664786282,0.0177363039989499,0.009487212811172003,0.007244448368001389,0.0177363039989499
2017-02-28,0.025698897098296616,0.022488726489275298,0.013769700713924237,0.013718132065820178,0.02054539745440879,0.0385395795343819,0.022488726489275298,0.03532940892536057,0.0385395795343819,0.021591684691484588,0.017021664036295254,0.0385395795343819
2017-03-31,0.00052817499128472,0.00034800882776745,-0.00014216340759764785,-0.00014288448883897675,0.00021548313165775608,0.0012488396453538,0.00034800882776745,0.00106867348183653,0.0012488396453538,0.00029801943821734913,4.307107853038014e-05,0.0012488396453538
2017-04-30,0.00953854915729608,0.0094537833464279,0.009223265100568243,0.009222989539212295,0.009364179636491027,0.0098776124007688,0.0094537833464279,0.009792846589900619,0.0098776124007688,0.00943043911158383,0.009310418459498856,0.0098776124007688
2017-05-31,0.011147027429763279,0.01043032167323555,0.008469791046526459,0.008483876144893389,0.009880175165869776,0.0140138504558742,0.01043032167323555,0.01329714469934647,0.0140138504558742,0.010235218286032816,0.009231065621736171,0.0140138504558742
2017-06-30,0.0037396502402173,0.00308588126489705,0.001301283595993352,0.0012973574066208352,0.002962505526573011,0.0063547261414983,0.0058547261414983,0.005700957166178049,0.0063547261414983,0.002908098287851759,0.0020987514404093425,0.0063547261414983
2017-07-31,0.01354130168257978,0.01184019395991385,0.007201437159628175,0.007197292972544678,0.011626894376514813,0.0203457325732435,0.0203457325732435,0.01864462485057757,0.0203457325732435,0.01137755431619171,0.009374171774961897,0.0203457325732435
2017-08-31,0.005495970201647981,0.0061415152489463,0.007890156573178922,0.007901530901876406,0.006064015845540223,0.0029137900124547,0.005641515248946301,0.0035593350597530205,0.0029137900124547,0.006316653313437062,0.007113864136064523,0.0029137900124547
2017-09-30,0.009676491311736781,0.007108391730139301,0.00016485714290816647,0.0001442162488036013,0.006585807375743663,0.0199488896381267,0.0194488896381267,0.01738079005652922,0.0199488896381267,0.006408082933393496,0.003286864716682456,0.0199488896381267
2017-10-31,0.01436557626550356,0.01213425814713875,0.006043817560451118,0.006101199675937231,0.01210334391163707,0.0232908487389628,0.011634258147138749,0.02105953062059799,0.0232908487389628,0.011527276747100976,0.00887449845032291,0.0232908487389628
2017-11-30,0.01747132975528582,0.014312200800870149,0.005667263037075233,0.005690313766446954,0.01477301512378486,0.0301078455729485,0.014312200800870149,0.026948716618532827,0.0301078455729485,0.013454738359499787,0.009776039607836455,0.0301078455729485
2017-12-31,0.00912904752686374,0.00839758482902875,0.006400337990420358,0.006395339143433459,0.008598382666841166,0.0120548983182037,0.00839758482902875,0.011323435620368708,0.0120548983182037,0.008199236959208928,0.00733949192150157,0.0120548983182037
2018-01-31,0.028371516668128698,0.021757237529195297,0.003141771388635565,0.0037024258024702275,0.02261129896614288,0.0548286332238623,0.021757237529195297,0.04821435408492889,0.0548286332238623,0.019960905633870627,0.01217439271969475,0.0548286332238623
2018-02-28,-0.02627847090434072,-0.0235885788845062,-0.016028282968927245,-0.01602980962755226,-0.024149018514996325,-0.0370380389836788,-0.0235885788845062,-0.03434814696384428,-0.0370380389836788,-0.02284789941748297,-0.019756605437579372,-0.0370380389836788
2018-03-31,-0.014000194840416742,-0.0105519472052973,-0.0008217216194779277,-0.0008601238650224244,-0.012417045919065313,-0.0277931853808945,-0.0105519472052973,-0.024344937745775057,-0.0277931853808945,-0.009611480351954147,-0.005590002537900377,-0.0277931853808945
2018-04-30,-0.0006891599668722602,-0.0021501376127416503,-0.006230044651217558,-0.006274330022241886,-0.0021783960319989356,0.0051547506166053,0.004654750616605301,0.003693772970735909,0.0051547506166053,-0.0025466045615212297,-0.004292260239250357,0.0051547506166053
2018-05-31,0.0170495098379367,0.01530735490804075,0.010437103532782389,0.010442846000808277,0.016218612482178235,0.0240181295575205,0.0240181295575205,0.022275974627624547,0.0240181295575205,0.014835218422320938,0.01279130010154366,0.0240181295575205
2018-06-30,0.00385096635708824,0.00338005281552715,0.002047754260674713,0.002063245490830964,0.0031488695259275783,0.0057346205233326,0.0057346205233326,0.0052637069817715095,0.0057346205233326,0.0032524137882578696,0.002592000774476991,0.0057346205233326
2018-07-31,0.02170938719705774,0.0180425174611164,0.007559651499393524,0.007687278042993977,0.015054965848681462,0.0363768661408231,0.0363768661408231,0.03270999640488175,0.0363768661408231,0.017048844925083535,0.011489994783697268,0.0363768661408231
2018-08-31,0.02111831633754592,0.0185425980206763,0.011568722017958291,0.011178091006342742,0.016609823240273137,0.0314211896050244,0.0314211896050244,0.028845471288154775,0.0314211896050244,0.017844837157051194,0.01402881594970201,0.0314211896050244
2018-09-30,0.0010700339199303998,-0.00014440329569555006,-0.0033631576694681457,-0.003440813108822727,-0.0011391550957051439,0.0059277827824342,0.0059277827824342,0.004713345566808249,0.0059277827824342,-0.0004734555701342996,-0.0022896931230133874,0.0059277827824342
2018-10-31,-0.04554938902260892,-0.0390347402867436,-0.021501943886803196,-0.021803678352036057,-0.03527041880840783,-0.007461496607417,-0.0716079839660702,-0.06509333523020487,-0.0716079839660702,-0.037258850341712155,-0.02752117827303423,-0.0716079839660702
2018-11-30,0.01410187477766298,0.013032510177734252,0.010159923820916567,0.010149167025528035,0.012316320895405753,0.0173793331773779,0.0183793331773779,0.01730996857744917,0.0183793331773779,0.012742613558739974,0.010956102900703065,0.0183793331773779
2018-12-31,-0.047453601439178324,-0.0362748933387498,-0.004484895761083994,-0.006253283538722018,-0.02630389170366625,0.018618647163392798,0.018618647163392798,-0.08098972574046387,0.018618647163392798,-0.03318605107188631,-0.015030994779605173,-0.0921684338408924
2019-01-31,0.049840088064704066,0.043044631894290954,0.023418584518527477,0.023694065190473318,0.029595874861165303,0.0090673510422254,0.0090673510422254,0.06995969844175862,0.0090673510422254,0.04120353411303032,0.028774754580697566,0.0770219127463565
2019-02-28,0.01868530703537276,0.015381341609479649,0.005768221311689354,0.00583694353480731,0.010689289015466225,0.030901168738945196,0.014881341609479648,0.028343431647087292,0.030901168738945196,0.014486465284548285,0.008118703050637048,0.0319011687389452
2019-03-31,0.019164770225581683,0.01947124104848695,0.020292535984418346,0.020360597672690453,0.01987454264552742,0.0179388869339606,0.01947124104848695,0.018237788929300836,0.0179388869339606,0.019554247392951984,0.020137297497882376,0.0179388869339606
2019-04-30,0.023222050412991378,0.0190174868936874,0.007441116094398225,0.007495671282712533,0.012449720341876662,0.0400403044902073,0.0190174868936874,0.035835740970903314,0.0400403044902073,0.017878693987225,0.010509950402055815,0.0400403044902073
2019-05-31,-0.03196636579460086,-0.023483969758237952,0.00029852544790114657,-0.00013453251669488347,-0.012260791039699563,0.0179280104235766,-0.023483969758237952,-0.055025688256011916,0.0179280104235766,-0.021186540830369843,-0.006064238906316228,-0.0658959499400525
2019-06-30,0.0447337680995098,0.0390991246334844,0.02258760289354506,0.023292443102591275,0.0277288104077825,0.0662723419636114,0.0390991246334844,0.05763454220191445,0.0662723419636114,0.03757300136336514,0.027118594053734704,0.0672723419636114
2019-07-31,0.00973054816128568,0.0084116183064896,0.004559460984430886,0.004537199192698708,0.005695085604206961,0.01500626758047,0.0084116183064896,0.012849789649290864,0.0008169690325092,0.008054390550534469,0.005572349196871999,0.01500626758047
2019-08-31,0.0008480507778066606,0.005281263253306899,0.017553815238602364,0.018225673388942557,0.01407912883582575,-0.0168847991241943,0.005281263253306899,-0.00967769369974148,0.0274473256308081,0.006481982622905636,0.014833250344585549,-0.0168847991241943
2019-09-30,0.0091061826203065,0.00656515276811815,-0.00043531619370771956,-0.000492575609316865,0.0008363469792200408,0.0192703020290599,0.00656515276811815,0.0151682321332341,-0.0061399964928236,0.005876923914789569,0.001557603858190995,0.0192703020290599
2019-10-31,0.01395020299344282,0.0119717270878573,0.006493140147750524,0.006520694399240689,0.0077773438215282,0.0218641066157849,0.0119717270878573,0.018895042360385604,0.0208641066157849,0.011435862219084046,0.008086421841466485,0.0218641066157849
2019-11-30,0.02119700410569726,0.01760659629597855,0.006840352271959552,0.007665565638922931,0.010247071572999247,0.0355586353445721,0.01760659629597855,0.030019403120501283,0.0355586353445721,0.016634142980977,0.010461888910945018,0.0355586353445721
2019-12-31,0.016997557669828557,0.01408655786956895,0.005375900035693336,0.005353357053200742,0.008344910930897006,0.028641556870867,0.01408655786956895,0.024108393543326147,0.028641556870867,0.01329811056424171,0.008253173923021023,0.028641556870867
2020-01-31,0.007792647641545002,0.0098418332706861,0.01581107900194897,0.01597365419512419,0.013631439116586918,-0.0004040948750194,0.0098418332706861,0.002779808626157081,-0.0004040948750194,0.010396850488730012,0.013954919545754963,-0.0004040948750194
2020-02-29,-0.0431961583486066,-0.0333763862327263,-0.0037929625528937694,-0.004742857665296992,-0.017082907480543256,0.014722474346675198,-0.0333763862327263,-0.06167029586956108,0.014722474346675198,0.015249559131817853,0.004334724346721032,0.014722474346675198
2020-03-31,-0.08214359788335232,-0.0693334288265159,-0.027797394550754632,-0.030738067753227384,-0.03761206937119505,-0.0052825835423337,-0.0057825835423337,-0.08922034411506108,-0.0052825835423337,-0.0052825835423337,-0.020669000542611598,-0.0052825835423337
2020-04-30,0.07854475561028867,0.0682947783957529,0.034120595810804434,0.035018467022230104,0.03930885961950427,0.017044892323074,0.0677947783957529,0.07770117151668539,0.017044892323074,0.017044892323074,0.030269676262086716,0.017044892323074
2020-05-31,0.030608081252980337,0.0266238780794885,0.013293217761377103,0.013334810589068507,0.015929675640825734,0.0455448939469477,0.0266238780794885,0.030076896592694392,0.0455448939469477,0.0067028622120293,0.012140510126279895,0.0067028622120293
2020-06-30,0.01317508955962254,0.0120741384923206,0.008386411003163232,0.008389595192144148,0.009102873723240045,0.0175788938288303,0.0120741384923206,0.013025856605608158,0.0055693831558109,0.0065693831558109,0.00805438574473823,0.0065693831558109
2020-07-31,0.039631648870599896,0.0352336979816433,0.020493886355410912,0.020503496686952186,0.023374744753666663,0.0572234524264263,0.0352336979816433,0.03860861626066893,0.0562234524264263,0.013896612285842106,0.021284715798031265,0.0132439435368603
2020-08-31,0.03717325782396728,0.029599416485543352,0.004230379542851759,0.004215711009163412,0.009402660523927148,0.067468623177663,0.029599416485543352,0.03484328940831679,0.067468623177663,-0.008284975786073238,0.005275074256976201,-0.0082697902065763
2020-09-30,-0.02328724232455042,-0.01956833154882695,-0.006999065546298205,-0.007111904514196248,-0.011724201633285662,-0.0381628854274443,-0.01956833154882695,-0.021845260563433184,-0.0381628854274443,-0.0009737776702096,-0.007687247319290175,-0.0009737776702096
2020-10-31,-0.017389393387163637,-0.0154243060373762,-0.008800876191946602,-0.008784123470835677,-0.011278517185038637,-0.0252497427863134,-0.0154243060373762,-0.016539233420039736,-0.0252497427863134,-0.005598869288439,-0.008300260594335336,-0.005598869288439
2020-11-30,0.06675285769342731,0.057626623663675255,0.026372116096127707,0.02686074431585392,0.03655662380633147,0.1032577938124356,0.057626623663675255,0.06036416372175276,0.1032577938124356,0.037604468376517285,0.03426867470855227,0.1022577938124356
2020-12-31,0.02217003721594586,0.018617882482928803,0.0064476539600150816,0.006449618390804545,0.010474986679077343,0.0363786561480141,0.018617882482928803,0.019642841722119123,0.0363786561480141,0.016833556657219997,0.00992445102045787,0.0363786561480141
2021-01-31,-0.00913509143636258,-0.008858174329528649,-0.007907741998825338,-0.007909628331275603,-0.008280649395640287,-0.0102427598636983,-0.008858174329528649,-0.008941868272414106,-0.0102427598636983,-0.007928166630064449,-0.007971940830759573,-0.008473588795359
2021-02-28,0.010336329535392538,0.0060640181996568,-0.008422183088770964,-0.008615036608128778,-0.0010760463095173356,0.0274255748783355,0.0060640181996568,0.007688807975823814,0.0274255748783355,-0.0152975384790219,-0.009479025787007633,-0.0152975384790219
2021-03-31,0.02202746691014748,0.0164345807302439,-0.002267310111605819,-0.002527895272388941,0.009621640670499575,0.0443990116297618,0.0164345807302439,0.018713339146402073,0.0443990116297618,-0.011529850169274,-0.002358257468450841,-0.011529850169274
2021-04-30,0.0338524365652192,0.02942598992576095,0.014444856749172645,0.014623550687586393,0.02524743924574356,0.0515582231230522,0.0510582231230522,0.03107223778374661,0.0515582231230522,0.015218506793652324,0.017935744852719978,0.0505582231230522
2021-05-31,0.004741416881289399,0.00429057371884815,0.0027651741291336634,0.0027610747512404163,0.0038856039410741436,0.0065447895310544,0.0065447895310544,0.004459139044791671,0.0065447895310544,0.003805190191952708,0.0032433115987372156,0.0065447895310544
2021-06-30,0.016605501961445838,0.015211999396360299,0.010498532150428154,0.010497199776580753,0.013877803523206778,0.022179512221788,0.022179512221788,0.015733028500590003,0.022179512221788,0.014807675092009183,0.012092429590613763,0.022179512221788
2021-07-31,0.01891335704177936,0.01761184769594135,0.013217409614581285,0.013209537142125393,0.016620033341067528,0.0241193944251314,0.0241193944251314,0.018103533376257672,0.0241193944251314,0.01725694433378985,0.014598203273403255,0.0241193944251314
2021-08-31,0.016793125151156277,0.01365997382909215,0.0031072409674015003,0.003082059081242174,0.01099972974214519,0.0293257304394128,0.0293257304394128,0.014861853608661563,0.0293257304394128,0.012807758708624448,0.006499250820191963,0.0293257304394128
2021-09-30,-0.032321856806893,-0.028470653607456903,-0.015457071646706592,-0.015501261216264765,-0.025529180012515782,-0.0477266696046374,-0.0477266696046374,-0.02949515706969912,-0.0477266696046374,-0.02675000695854312,-0.019613203983707937,-0.0477266696046374
2021-10-31,0.04065224933261238,0.0338623934090131,0.011002237343130765,0.010915629032811965,0.028220920251922302,0.0678116730270095,0.0678116730270095,0.03671596065268273,0.0678116730270095,0.03195853130170708,0.01844350873193356,0.0678116730270095
2021-11-30,-0.00375875472003604,-0.0026816202999280997,0.000949767592824433,0.0009434068646163632,-0.0018232872796728435,-0.0080672924004678,-0.0080672924004678,-0.003120766170556413,-0.0080672924004678,0.0016318814055224023,0.0003890763210863698,-0.0002502170396042803
2021-12-31,0.025688733515444682,0.02080838906775605,0.004584970646040721,0.00435220430869361,0.013495894870896686,0.0452101113061992,0.0452101113061992,0.024087816495284832,0.0452101113061992,0.017319721128592095,0.008013665305689657,0.0444101113061992
2022-01-31,-0.040585194664430856,-0.0371857236194255,-0.026185226601906347,-0.02589332090410184,-0.03257342866047461,-0.0541830788444523,-0.0541830788444523,-0.03912712581728892,-0.0541830788444523,-0.0271716583315793,-0.02746657751488642,-0.0541830788444523
2022-02-28,-0.0225859199270457,-0.02074203448401335,-0.014808374724801183,-0.014779205477243106,-0.018493236312516002,-0.012522607268851599,-0.0299614616991751,-0.021651151576747237,-0.0299614616991751,-0.011721035871192767,-0.014180379330875358,-0.012522607268851599
2022-03-31,0.010730635011525477,0.00418799785666675,-0.01629894921178229,-0.0168751468796389,-0.0033079178829962556,0.0359011836309604,0.0369011836309604,0.007434398624956693,0.0369011836309604,-0.0285251879176269,-0.01859982994706125,-0.0285251879176269
2022-04-30,-0.0706378913969356,-0.06533183679166205,-0.049459274361297295,-0.04873314048307244,-0.06405856469527085,-0.0398015637652943,-0.0918621098180298,-0.06579981545238381,-0.0918621098180298,-0.0388015637652943,-0.04737184065047439,-0.0388015637652943
2022-05-31,0.0043835325371921,0.00491571118383145,0.006502751916420094,0.006495440427965662,0.0036206450491570756,0.0075766044170282,0.004415711183831449,0.004811403342636862,0.0022548179506347,0.0075766044170282,0.0065350013915852195,0.0075766044170282
2022-06-30,-0.057896547966741756,-0.05085575635848245,-0.02959572388244316,-0.029846844889658566,-0.0639948932881301,-0.0156517983171859,-0.05085575635848245,-0.05096637748405862,-0.0166517983171859,-0.0156517983171859,-0.029058915064809763,-0.0156517983171859
2022-07-31,0.0628801971499394,0.05657749382076365,0.037743146494277735,0.03753932721107646,0.07331790585211416,0.0250639771748849,0.05657749382076365,0.05547122535656701,0.0870910104666424,0.05267888663067481,0.045507508712363996,0.0870910104666424
2022-08-31,-0.0373525476314385,-0.036276266993260003,-0.03305674690015296,-0.03306380023753269,-0.038281915051147294,-0.0308948638023675,-0.036276266993260003,-0.035997818699492166,-0.0416576701841525,-0.035985406088362044,-0.03457307556854129,-0.0416576701841525
2022-09-30,-0.0751348624618739,-0.06966805652240024,-0.05382019541690085,-0.053313389042692755,-0.09732398534115522,-0.042334026825032,-0.06966805652240024,-0.06666985682536175,-0.043334026825032,-0.04280464155351835,-0.05492001272509506,-0.043334026825032
2022-10-31,0.04173791560509006,0.032637056998197196,0.006006442393298025,0.006230070461551952,0.0781413500326615,-0.0128672360362671,0.032637056998197196,0.027080029076862407,0.0771413500326615,0.017691568569700646,0.021706067690665003,0.0771413500326615
2022-11-30,0.04741157661841884,0.0457391726223383,0.04105719403734222,0.04084337775684937,0.054101192602741,0.053101192602741,0.0457391726223383,0.04460770662977242,0.054101192602741,0.04515280198763235,0.04391865071294362,0.054101192602741
2022-12-31,-0.039110243476308135,-0.03404900108398705,-0.01980486311097194,-0.01993390249751649,-0.0593552130455925,-0.0097427891223816,-0.03404900108398705,-0.03033774311288294,-0.0097427891223816,-0.03267818085095553,-0.02983503418582626,-0.0593552130455925
2023-01-31,0.04969734406953162,0.046874437218947254,0.039038069915087716,0.03892614262051203,0.0609889714718691,0.0599889714718691,0.046874437218947254,0.044576930789430105,0.0599889714718691,0.04610986332691137,0.044472933716470216,0.0609889714718691
2023-02-28,-0.026085763810793042,-0.02624121103343275,-0.02666871480476325,-0.02667653467017188,-0.0254639749202342,-0.0254639749202342,-0.02624121103343275,-0.026364686052328484,-0.0254639749202342,-0.026283313338555825,-0.02636344606402436,-0.0254639749202342
2023-03-31,0.03227193786706138,0.0312382291237491,0.028651731749434316,0.028434039529132753,0.0364067728403105,0.0364067728403105,0.0312382291237491,0.03071149385033926,0.025069685407187698,0.030958252940024363,0.030638882153366437,0.0364067728403105
2023-04-30,0.011804693485627299,0.01079369931256155,0.00836189135849921,0.008263541058011449,0.0158486701778903,0.0158486701778903,0.015348670177890298,0.010528814692764347,0.014848670177890298,0.010519875286353467,0.010311208876515971,0.0158486701778903
2023-05-31,-0.0018403569557795996,-0.0034518300992215996,-0.007297624930634109,-0.007323067989962947,0.004524411043541971,0.0046055356179884,0.0046055356179884,-0.0037884817127504518,0.0046055356179884,-0.003888291629878527,-0.0042220239716084604,0.0046055356179884
2023-06-30,0.03619652908486356,0.029548925122702848,0.013452687100522786,0.01368790080968699,0.06278220488983365,0.0627869449335064,0.0627869449335064,0.02785858740960421,0.0627869449335064,0.02774844621783632,0.026473947564001052,0.0627869449335064
2023-07-31,0.01926401879505724,0.01602777387364235,0.008174123635762172,0.008189864494777552,0.0322089984807168,0.0322089984807168,0.0322089984807168,0.015367808774741339,0.0322089984807168,0.01515124892643474,0.01443984222277652,0.0322089984807168
2023-08-31,-0.012364661139122421,-0.0113594119893445,-0.008949468773172528,-0.008920650735923128,-0.0163856577382341,-0.0163856577382341,-0.0163856577382341,-0.011204052636523599,-0.0163856577382341,-0.011087143981410405,-0.010869028757571265,-0.0163856577382341
2023-09-30,-0.0396526627309219,-0.037416758264031603,-0.03211788421338,-0.032053236381707685,-0.0485962805984831,-0.0485962805984831,-0.037916758264031604,-0.03693281170711913,-0.0485962805984831,-0.036811171822147985,-0.03633226949121732,-0.0485962805984831
2023-10-31,-0.01950115196757694,-0.01888950712368355,-0.017448019189938664,-0.017442062095164784,-0.0219477313431505,-0.0168312829042166,-0.01888950712368355,-0.018753064203847526,-0.0219477313431505,-0.018723845381409823,-0.01865603618372963,-0.0219477313431505
2023-11-30,0.07040822556262426,0.0661578371127296,0.056942288729945514,0.05613090351215469,0.0874097793622029,0.0864097793622029,0.0661578371127296,0.06509906959150448,0.0874097793622029,0.06500663514751992,0.06474924716880726,0.0874097793622029
2023-12-31,0.041310013161879613,0.04047656193005665,0.0387476090410383,0.03865380906390068,0.0446438180891715,0.0446438180891715,0.04047656193005665,0.040218483931426414,0.0446438180891715,0.04025082475171538,0.040375441764328404,0.0446438180891715
2024-01-31,0.008875620498237381,0.007144275204842451,0.0035768428760140822,0.00356359656404771,0.0158010016718171,0.0158010016718171,0.007144275204842451,0.006631080385494855,0.0158010016718171,0.006675346746476117,0.007395118119577453,0.0158010016718171
2024-02-29,0.02457999256798944,0.01800733431998395,0.004352485083696402,0.0044649242380625405,0.0508706255600114,0.0508706255600114,0.01800733431998395,0.01593857752468954,0.0508706255600114,0.01622715418408685,0.019178232722764806,0.0508706255600114
2024-03-31,0.02290103986194416,0.02058165050597905,0.015788313761703105,0.015761973286372296,0.0321785972858046,0.0321785972858046,0.02058165050597905,0.019848554616013092,0.0321785972858046,0.019953452491865056,0.02097579925387139,0.0321785972858046
2024-04-30,-0.034730932136248116,-0.033124925096000596,-0.02984383319346707,-0.029807770826391206,-0.0411549602972382,-0.0411549602972382,-0.0416549602972382,-0.03257721648241482,-0.0411549602972382,-0.03268994403791067,-0.033350056047281564,-0.0411549602972382
2024-05-31,0.03622858642882714,0.0329501568746358,0.02625487420921097,0.02624565847135508,0.0493423046455925,0.0493423046455925,0.0324501568746358,0.031651246743290264,0.0493423046455925,0.03206220637557865,0.033640506204110514,0.0493423046455925
2024-06-30,0.02432951895760324,0.021743945535889302,0.016450471982493733,0.01646358247879651,0.034671812644459,0.034671812644459,0.021743945535889302,0.020691219401737376,0.034671812644459,0.021043652553698642,0.022543672766657443,0.034671812644459
2024-07-31,0.0167832568392163,0.01796996648306605,0.02035469178189239,0.020398806214582857,0.0120364182638173,0.0120364182638173,0.01796996648306605,0.018448998065770023,0.0120364182638173,0.01829138239354267,0.017585354822505672,0.0120364182638173
2024-08-31,0.01966156123620382,0.01880276337018625,0.017089164661126637,0.017071009622436354,0.0230967527002741,0.0230967527002741,0.01880276337018625,0.018452203575452103,0.0230967527002741,0.018570161149877674,0.01911454472579012,0.0230967527002741
2024-09-30,0.01776837054331718,0.017013690831827702,0.01553830980896222,0.015507609166726936,0.0207870893892751,0.0207870893892751,0.017013690831827702,0.01674199953931283,0.0207870893892751,0.016809288627667417,0.017286887254438433,0.0207870893892751
2024-10-31,-0.015582327970866321,-0.01723697797401225,-0.020347070938232344,-0.02046654004913867,-0.0089637279582826,-0.0089637279582826,-0.01723697797401225,-0.017751119581641255,-0.0089637279582826,-0.017685143795291496,-0.016613100617441024,-0.0089637279582826
2024-11-30,0.039173438082444,0.0344859762749726,0.025607453643406636,0.0256889539119783,0.0579232853123296,0.0579232853123296,0.0344859762749726,0.03277300837560897,0.0579232853123296,0.03321639398025474,0.036542697121532346,0.0579232853123296
2024-12-31,-0.02144423929495252,-0.020716703156758602,-0.01935352725574581,-0.01934082196942012,-0.0243543838477282,-0.0243543838477282,-0.020716703156758602,-0.02044618416717474,-0.0243543838477282,-0.020519650136259223,-0.021044356345050887,-0.0243543838477282
2025-01-31,0.01795993399700834,0.01582438598553415,0.011871436663142132,0.011816109777162128,0.0265021260429051,0.0265021260429051,0.01582438598553415,0.015207795894826893,0.0265021260429051,0.015245971726366441,0.016843440764619688,0.0265021260429051
2025-02-28,0.00118526964095468,0.00467561223425345,0.010995460034710722,0.011129385367340473,-0.0127761007322404,-0.0127761007322404,0.00467561223425345,0.005530026690830576,-0.0127761007322404,0.005620965236185902,0.0030694792627201212,-0.0127761007322404
2025-03-31,-0.034504214266077624,-0.028797339177054352,-0.01793660151663241,-0.01846167398458571,-0.0573317146221707,-0.001262963731938,-0.028797339177054352,-0.026963777211161943,-0.0573317146221707,-0.02725155664204479,-0.032239074416572915,-0.0573317146221707
2025-04-30,-0.0035043535324823997,-0.00220341793847525,0.00023832712909872,0.00026521123775492844,-0.008708095908511,0.0043012600315605,-0.00220341793847525,-0.002211542771423804,-0.008708095908511,-0.0018508519749353346,-0.003241279392622614,-0.008708095908511
2025-05-31,0.03413462982865972,0.0274309718225356,0.014613917767725571,0.014832887105622026,0.0609492618531562,0.0599492618531562,0.0274309718225356,0.027021007617078256,0.0609492618531562,0.025615276648177653,0.033138308038625344,0.0609492618531562
2025-06-30,0.035845100099407196,0.03227901211696285,0.025844432410504648,0.02545930868514884,0.0501094520291846,0.0501094520291846,0.03227901211696285,0.03283991643102009,0.0501094520291846,0.031313149468844184,0.03517559407164503,0.0501094520291846
2025-07-31,0.01260500940725964,0.01006368157167115,0.005604885859066632,0.005474993173863048,0.0227703207496136,0.0227703207496136,0.01006368157167115,0.010967820510577398,0.0227703207496136,0.009375370985699016,0.012157110140145071,0.0227703207496136
2025-08-31,0.01692040267957344,0.016072541239436147,0.014567119917765641,0.0145817115685532,0.0203118484401226,0.0203118484401226,0.016072541239436147,0.016501450437505918,0.0203118484401226,0.015842900725179077,0.0167633943009385,0.0203118484401226
2025-09-30,0.0254823053013684,0.023102711647013,0.01905896787065131,0.018881330663793702,0.03500067991879,0.03500067991879,0.023102711647013,0.025937889298979156,0.03500067991879,0.022458203536411335,0.02521190538913233,0.03500067991879
2025-10-31,0.0165889392055441,0.014846739326783199,0.011983085705386122,0.011884082495099127,0.0235577387205877,0.0235577387205877,0.014846739326783199,0.017136714460253662,0.0235577387205877,0.014374862749197331,0.016479633938887243,0.0235577387205877
2025-11-30,0.00358432421816794,0.003993393978017051,0.004688210410764777,0.004658916791282968,0.0019480451787715,0.0019480451787715,0.003993393978017051,0.003374771655378939,0.0019480451787715,0.004104189401361019,0.0035995657125248177,0.0019480451787715
2025-12-31,-0.0006391336553483601,-0.00099821750136675,-0.0015812866698279825,-0.001622551429704577,0.0007972017287252,0.0007972017287252,-0.00099821750136675,-0.0003821787657308971,0.0007972017287252,-0.0010954800325429503,-0.0006310213981379188,0.0007972017287252
2026-01-31,0.009778054940351241,0.00856502173264145,0.006591250788216946,0.006626164442184068,0.0146301877711904,0.0146301877711904,0.00856502173264145,0.011018328144029657,0.0146301877711904,0.008236414387178518,0.009846224176864591,0.0146301877711904
2026-02-28,0.0011342423503157405,0.0035876804200374,0.007709223070384077,0.007568738616385616,-0.0086795099285709,-0.0086795099285709,0.0035876804200374,-0.0019922742649646106,-0.0086795099285709,0.004252261579107075,0.0009953382733751156,-0.0086795099285709
2026-03-31,-0.0376276351958783,-0.0343744444446223,-0.02854708736990105,-0.02890749800968331,-0.0506403982009023,-0.019108490688342302,-0.0343744444446223,-0.040751178526370495,-0.0506403982009023,-0.03337939508675367,-0.037784120533939064,-0.0506403982009023
2026-04-30,0.06061042216111608,0.0507897814111763,0.03145140423828972,0.033153126125806516,0.0998929851608752,0.0988929851608752,0.0507897814111763,0.06624057011907392,0.0998929851608752,0.048125271827055324,0.0613849440354379,0.0998929851608752
2026-05-31,0.016336169323184196,0.01268280645376985,0.005431385756462626,0.0054779203906362706,0.0309496208008416,0.0309496208008416,0.01268280645376985,0.018512920652828144,0.0309496208008416,0.011691806908567597,0.016172834953537003,0.0309496208008416
