observation_date,jobless_claims
1990-01-06,355000.0
1990-01-13,369000.0
1990-01-20,375000.0
1990-01-27,345000.0
1990-02-03,368000.0
1990-02-10,367000.0
1990-02-17,348000.0
1990-02-24,350000.0
1990-03-03,351000.0
1990-03-10,349000.0
1990-03-17,349000.0
1990-03-24,331000.0
1990-03-31,346000.0
1990-04-07,367000.0
1990-04-14,357000.0
1990-04-21,360000.0
1990-04-28,363000.0
1990-05-05,354000.0
1990-05-12,355000.0
1990-05-19,353000.0
1990-05-26,359000.0
1990-06-02,368000.0
1990-06-09,359000.0
1990-06-16,359000.0
1990-06-23,362000.0
1990-06-30,364000.0
1990-07-07,362000.0
1990-07-14,367000.0
1990-07-21,370000.0
1990-07-28,369000.0
1990-08-04,369000.0
1990-08-11,381000.0
1990-08-18,393000.0
1990-08-25,394000.0
1990-09-01,392000.0
1990-09-08,390000.0
1990-09-15,395000.0
1990-09-22,389000.0
1990-09-29,404000.0
1990-10-06,404000.0
1990-10-13,422000.0
1990-10-20,435000.0
1990-10-27,440000.0
1990-11-03,430000.0
1990-11-10,448000.0
1990-11-17,447000.0
1990-11-24,462000.0
1990-12-01,451000.0
1990-12-08,449000.0
1990-12-15,447000.0
1990-12-22,474000.0
1990-12-29,454000.0
1991-01-05,415000.0
1991-01-12,437000.0
1991-01-19,445000.0
1991-01-26,462000.0
1991-02-02,483000.0
1991-02-09,480000.0
1991-02-16,474000.0
1991-02-23,499000.0
1991-03-02,488000.0
1991-03-09,499000.0
1991-03-16,498000.0
1991-03-23,509000.0
1991-03-30,499000.0
1991-04-06,452000.0
1991-04-13,477000.0
1991-04-20,478000.0
1991-04-27,462000.0
1991-05-04,451000.0
1991-05-11,446000.0
1991-05-18,448000.0
1991-05-25,443000.0
1991-06-01,432000.0
1991-06-08,441000.0
1991-06-15,429000.0
1991-06-22,423000.0
1991-06-29,418000.0
1991-07-06,422000.0
1991-07-13,420000.0
1991-07-20,408000.0
1991-07-27,423000.0
1991-08-03,438000.0
1991-08-10,437000.0
1991-08-17,433000.0
1991-08-24,425000.0
1991-08-31,425000.0
1991-09-07,424000.0
1991-09-14,418000.0
1991-09-21,419000.0
1991-09-28,437000.0
1991-10-05,424000.0
1991-10-12,425000.0
1991-10-19,419000.0
1991-10-26,423000.0
1991-11-02,447000.0
1991-11-09,453000.0
1991-11-16,439000.0
1991-11-23,444000.0
1991-11-30,444000.0
1991-12-07,475000.0
1991-12-14,475000.0
1991-12-21,436000.0
1991-12-28,441000.0
1992-01-04,432000.0
1992-01-11,440000.0
1992-01-18,443000.0
1992-01-25,441000.0
1992-02-01,440000.0
1992-02-08,445000.0
1992-02-15,446000.0
1992-02-22,436000.0
1992-02-29,444000.0
1992-03-07,421000.0
1992-03-14,437000.0
1992-03-21,440000.0
1992-03-28,420000.0
1992-04-04,412000.0
1992-04-11,413000.0
1992-04-18,424000.0
1992-04-25,424000.0
1992-05-02,431000.0
1992-05-09,417000.0
1992-05-16,414000.0
1992-05-23,414000.0
1992-05-30,411000.0
1992-06-06,416000.0
1992-06-13,420000.0
1992-06-20,419000.0
1992-06-27,420000.0
1992-07-04,407000.0
1992-07-11,408000.0
1992-07-18,392000.0
1992-07-25,564000.0
1992-08-01,423000.0
1992-08-08,406000.0
1992-08-15,401000.0
1992-08-22,398000.0
1992-08-29,408000.0
1992-09-05,416000.0
1992-09-12,416000.0
1992-09-19,427000.0
1992-09-26,409000.0
1992-10-03,398000.0
1992-10-10,374000.0
1992-10-17,385000.0
1992-10-24,367000.0
1992-10-31,365000.0
1992-11-07,374000.0
1992-11-14,377000.0
1992-11-21,357000.0
1992-11-28,341000.0
1992-12-05,350000.0
1992-12-12,359000.0
1992-12-19,334000.0
1992-12-26,313000.0
1993-01-02,341000.0
1993-01-09,354000.0
1993-01-16,352000.0
1993-01-23,341000.0
1993-01-30,340000.0
1993-02-06,319000.0
1993-02-13,321000.0
1993-02-20,351000.0
1993-02-27,362000.0
1993-03-06,354000.0
1993-03-13,346000.0
1993-03-20,338000.0
1993-03-27,366000.0
1993-04-03,365000.0
1993-04-10,353000.0
1993-04-17,351000.0
1993-04-24,350000.0
1993-05-01,343000.0
1993-05-08,339000.0
1993-05-15,345000.0
1993-05-22,342000.0
1993-05-29,349000.0
1993-06-05,343000.0
1993-06-12,343000.0
1993-06-19,345000.0
1993-06-26,340000.0
1993-07-03,334000.0
1993-07-10,314000.0
1993-07-17,335000.0
1993-07-24,415000.0
1993-07-31,356000.0
1993-08-07,346000.0
1993-08-14,339000.0
1993-08-21,342000.0
1993-08-28,337000.0
1993-09-04,334000.0
1993-09-11,333000.0
1993-09-18,346000.0
1993-09-25,343000.0
1993-10-02,333000.0
1993-10-09,355000.0
1993-10-16,359000.0
1993-10-23,354000.0
1993-10-30,348000.0
1993-11-06,350000.0
1993-11-13,341000.0
1993-11-20,336000.0
1993-11-27,337000.0
1993-12-04,337000.0
1993-12-11,334000.0
1993-12-18,331000.0
1993-12-25,290000.0
1994-01-01,341000.0
1994-01-08,343000.0
1994-01-15,355000.0
1994-01-22,351000.0
1994-01-29,406000.0
1994-02-05,361000.0
1994-02-12,354000.0
1994-02-19,352000.0
1994-02-26,327000.0
1994-03-05,348000.0
1994-03-12,341000.0
1994-03-19,332000.0
1994-03-26,322000.0
1994-04-02,342000.0
1994-04-09,349000.0
1994-04-16,354000.0
1994-04-23,331000.0
1994-04-30,344000.0
1994-05-07,371000.0
1994-05-14,360000.0
1994-05-21,357000.0
1994-05-28,348000.0
1994-06-04,345000.0
1994-06-11,338000.0
1994-06-18,336000.0
1994-06-25,341000.0
1994-07-02,334000.0
1994-07-09,341000.0
1994-07-16,359000.0
1994-07-23,345000.0
1994-07-30,332000.0
1994-08-06,338000.0
1994-08-13,335000.0
1994-08-20,331000.0
1994-08-27,341000.0
1994-09-03,339000.0
1994-09-10,331000.0
1994-09-17,326000.0
1994-09-24,325000.0
1994-10-01,330000.0
1994-10-08,341000.0
1994-10-15,335000.0
1994-10-22,330000.0
1994-10-29,331000.0
1994-11-05,328000.0
1994-11-12,329000.0
1994-11-19,326000.0
1994-11-26,329000.0
1994-12-03,324000.0
1994-12-10,329000.0
1994-12-17,330000.0
1994-12-24,314000.0
1994-12-31,319000.0
1995-01-07,338000.0
1995-01-14,347000.0
1995-01-21,325000.0
1995-01-28,324000.0
1995-02-04,324000.0
1995-02-11,348000.0
1995-02-18,343000.0
1995-02-25,336000.0
1995-03-04,339000.0
1995-03-11,347000.0
1995-03-18,343000.0
1995-03-25,332000.0
1995-04-01,335000.0
1995-04-08,347000.0
1995-04-15,355000.0
1995-04-22,349000.0
1995-04-29,365000.0
1995-05-06,364000.0
1995-05-13,366000.0
1995-05-20,377000.0
1995-05-27,374000.0
1995-06-03,362000.0
1995-06-10,367000.0
1995-06-17,378000.0
1995-06-24,358000.0
1995-07-01,355000.0
1995-07-08,372000.0
1995-07-15,389000.0
1995-07-22,390000.0
1995-07-29,351000.0
1995-08-05,351000.0
1995-08-12,353000.0
1995-08-19,362000.0
1995-08-26,359000.0
1995-09-02,355000.0
1995-09-09,371000.0
1995-09-16,376000.0
1995-09-23,353000.0
1995-09-30,355000.0
1995-10-07,374000.0
1995-10-14,369000.0
1995-10-21,366000.0
1995-10-28,377000.0
1995-11-04,380000.0
1995-11-11,370000.0
1995-11-18,379000.0
1995-11-25,379000.0
1995-12-02,373000.0
1995-12-09,346000.0
1995-12-16,373000.0
1995-12-23,374000.0
1995-12-30,359000.0
1996-01-06,361000.0
1996-01-13,333000.0
1996-01-20,415000.0
1996-01-27,387000.0
1996-02-03,374000.0
1996-02-10,387000.0
1996-02-17,383000.0
1996-02-24,365000.0
1996-03-02,368000.0
1996-03-09,361000.0
1996-03-16,384000.0
1996-03-23,426000.0
1996-03-30,393000.0
1996-04-06,369000.0
1996-04-13,357000.0
1996-04-20,368000.0
1996-04-27,343000.0
1996-05-04,338000.0
1996-05-11,352000.0
1996-05-18,345000.0
1996-05-25,343000.0
1996-06-01,340000.0
1996-06-08,351000.0
1996-06-15,342000.0
1996-06-22,341000.0
1996-06-29,337000.0
1996-07-06,342000.0
1996-07-13,347000.0
1996-07-20,332000.0
1996-07-27,327000.0
1996-08-03,326000.0
1996-08-10,331000.0
1996-08-17,336000.0
1996-08-24,337000.0
1996-08-31,329000.0
1996-09-07,333000.0
1996-09-14,338000.0
1996-09-21,352000.0
1996-09-28,348000.0
1996-10-05,335000.0
1996-10-12,334000.0
1996-10-19,335000.0
1996-10-26,352000.0
1996-11-02,334000.0
1996-11-09,327000.0
1996-11-16,342000.0
1996-11-23,347000.0
1996-11-30,332000.0
1996-12-07,355000.0
1996-12-14,352000.0
1996-12-21,350000.0
1996-12-28,357000.0
1997-01-04,347000.0
1997-01-11,324000.0
1997-01-18,345000.0
1997-01-25,340000.0
1997-02-01,333000.0
1997-02-08,315000.0
1997-02-15,313000.0
1997-02-22,322000.0
1997-03-01,321000.0
1997-03-08,317000.0
1997-03-15,319000.0
1997-03-22,315000.0
1997-03-29,325000.0
1997-04-05,325000.0
1997-04-12,330000.0
1997-04-19,316000.0
1997-04-26,337000.0
1997-05-03,342000.0
1997-05-10,318000.0
1997-05-17,322000.0
1997-05-24,316000.0
1997-05-31,321000.0
1997-06-07,329000.0
1997-06-14,335000.0
1997-06-21,316000.0
1997-06-28,322000.0
1997-07-05,346000.0
1997-07-12,328000.0
1997-07-19,301000.0
1997-07-26,306000.0
1997-08-02,320000.0
1997-08-09,329000.0
1997-08-16,343000.0
1997-08-23,327000.0
1997-08-30,332000.0
1997-09-06,313000.0
1997-09-13,314000.0
1997-09-20,317000.0
1997-09-27,317000.0
1997-10-04,311000.0
1997-10-11,305000.0
1997-10-18,318000.0
1997-10-25,306000.0
1997-11-01,313000.0
1997-11-08,308000.0
1997-11-15,325000.0
1997-11-22,309000.0
1997-11-29,318000.0
1997-12-06,317000.0
1997-12-13,323000.0
1997-12-20,310000.0
1997-12-27,303000.0
1998-01-03,312000.0
1998-01-10,331000.0
1998-01-17,341000.0
1998-01-24,307000.0
1998-01-31,315000.0
1998-02-07,311000.0
1998-02-14,321000.0
1998-02-21,327000.0
1998-02-28,317000.0
1998-03-07,308000.0
1998-03-14,319000.0
1998-03-21,321000.0
1998-03-28,312000.0
1998-04-04,312000.0
1998-04-11,304000.0
1998-04-18,317000.0
1998-04-25,311000.0
1998-05-02,304000.0
1998-05-09,306000.0
1998-05-16,315000.0
1998-05-23,309000.0
1998-05-30,322000.0
1998-06-06,306000.0
1998-06-13,321000.0
1998-06-20,349000.0
1998-06-27,376000.0
1998-07-04,362000.0
1998-07-11,320000.0
1998-07-18,315000.0
1998-07-25,335000.0
1998-08-01,327000.0
1998-08-08,316000.0
1998-08-15,308000.0
1998-08-22,302000.0
1998-08-29,310000.0
1998-09-05,313000.0
1998-09-12,304000.0
1998-09-19,305000.0
1998-09-26,294000.0
1998-10-03,302000.0
1998-10-10,316000.0
1998-10-17,318000.0
1998-10-24,309000.0
1998-10-31,308000.0
1998-11-07,316000.0
1998-11-14,334000.0
1998-11-21,304000.0
1998-11-28,310000.0
1998-12-05,326000.0
1998-12-12,305000.0
1998-12-19,297000.0
1998-12-26,336000.0
1999-01-02,331000.0
1999-01-09,345000.0
1999-01-16,339000.0
1999-01-23,311000.0
1999-01-30,305000.0
1999-02-06,291000.0
1999-02-13,312000.0
1999-02-20,302000.0
1999-02-27,301000.0
1999-03-06,300000.0
1999-03-13,308000.0
1999-03-20,305000.0
1999-03-27,298000.0
1999-04-03,310000.0
1999-04-10,319000.0
1999-04-17,314000.0
1999-04-24,291000.0
1999-05-01,296000.0
1999-05-08,310000.0
1999-05-15,301000.0
1999-05-22,298000.0
1999-05-29,303000.0
1999-06-05,303000.0
1999-06-12,290000.0
1999-06-19,292000.0
1999-06-26,291000.0
1999-07-03,287000.0
1999-07-10,288000.0
1999-07-17,309000.0
1999-07-24,306000.0
1999-07-31,300000.0
1999-08-07,295000.0
1999-08-14,292000.0
1999-08-21,286000.0
1999-08-28,290000.0
1999-09-04,290000.0
1999-09-11,281000.0
1999-09-18,281000.0
1999-09-25,306000.0
1999-10-02,309000.0
1999-10-09,291000.0
1999-10-16,287000.0
1999-10-23,280000.0
1999-10-30,285000.0
1999-11-06,282000.0
1999-11-13,281000.0
1999-11-20,276000.0
1999-11-27,288000.0
1999-12-04,287000.0
1999-12-11,272000.0
1999-12-18,287000.0
1999-12-25,268000.0
2000-01-01,286000.0
2000-01-08,298000.0
2000-01-15,289000.0
2000-01-22,284000.0
2000-01-29,285000.0
2000-02-05,312000.0
2000-02-12,300000.0
2000-02-19,283000.0
2000-02-26,280000.0
2000-03-04,286000.0
2000-03-11,270000.0
2000-03-18,271000.0
2000-03-25,272000.0
2000-04-01,266000.0
2000-04-08,268000.0
2000-04-15,259000.0
2000-04-22,274000.0
2000-04-29,291000.0
2000-05-06,293000.0
2000-05-13,276000.0
2000-05-20,280000.0
2000-05-27,280000.0
2000-06-03,290000.0
2000-06-10,284000.0
2000-06-17,294000.0
2000-06-24,296000.0
2000-07-01,281000.0
2000-07-08,293000.0
2000-07-15,303000.0
2000-07-22,300000.0
2000-07-29,298000.0
2000-08-05,306000.0
2000-08-12,315000.0
2000-08-19,318000.0
2000-08-26,312000.0
2000-09-02,301000.0
2000-09-09,309000.0
2000-09-16,311000.0
2000-09-23,288000.0
2000-09-30,292000.0
2000-10-07,309000.0
2000-10-14,299000.0
2000-10-21,295000.0
2000-10-28,301000.0
2000-11-04,331000.0
2000-11-11,318000.0
2000-11-18,332000.0
2000-11-25,356000.0
2000-12-02,338000.0
2000-12-09,321000.0
2000-12-16,354000.0
2000-12-23,364000.0
2000-12-30,353000.0
2001-01-06,337000.0
2001-01-13,318000.0
2001-01-20,343000.0
2001-01-27,362000.0
2001-02-03,376000.0
2001-02-10,365000.0
2001-02-17,358000.0
2001-02-24,386000.0
2001-03-03,384000.0
2001-03-10,393000.0
2001-03-17,393000.0
2001-03-24,378000.0
2001-03-31,388000.0
2001-04-07,398000.0
2001-04-14,383000.0
2001-04-21,400000.0
2001-04-28,406000.0
2001-05-05,381000.0
2001-05-12,390000.0
2001-05-19,402000.0
2001-05-26,405000.0
2001-06-02,406000.0
2001-06-09,411000.0
2001-06-16,394000.0
2001-06-23,381000.0
2001-06-30,394000.0
2001-07-07,401000.0
2001-07-14,405000.0
2001-07-21,398000.0
2001-07-28,388000.0
2001-08-04,401000.0
2001-08-11,394000.0
2001-08-18,402000.0
2001-08-25,395000.0
2001-09-01,402000.0
2001-09-08,408000.0
2001-09-15,395000.0
2001-09-22,453000.0
2001-09-29,517000.0
2001-10-06,476000.0
2001-10-13,482000.0
2001-10-20,482000.0
2001-10-27,483000.0
2001-11-03,440000.0
2001-11-10,428000.0
2001-11-17,431000.0
2001-11-24,491000.0
2001-12-01,465000.0
2001-12-08,393000.0
2001-12-15,389000.0
2001-12-22,416000.0
2001-12-29,421000.0
2002-01-05,397000.0
2002-01-12,418000.0
2002-01-19,405000.0
2002-01-26,414000.0
2002-02-02,404000.0
2002-02-09,397000.0
2002-02-16,397000.0
2002-02-23,398000.0
2002-03-02,392000.0
2002-03-09,399000.0
2002-03-16,392000.0
2002-03-23,415000.0
2002-03-30,479000.0
2002-04-06,445000.0
2002-04-13,442000.0
2002-04-20,416000.0
2002-04-27,414000.0
2002-05-04,409000.0
2002-05-11,413000.0
2002-05-18,411000.0
2002-05-25,403000.0
2002-06-01,378000.0
2002-06-08,388000.0
2002-06-15,396000.0
2002-06-22,388000.0
2002-06-29,386000.0
2002-07-06,391000.0
2002-07-13,384000.0
2002-07-20,379000.0
2002-07-27,390000.0
2002-08-03,388000.0
2002-08-10,389000.0
2002-08-17,399000.0
2002-08-24,398000.0
2002-08-31,394000.0
2002-09-07,416000.0
2002-09-14,412000.0
2002-09-21,401000.0
2002-09-28,409000.0
2002-10-05,404000.0
2002-10-12,405000.0
2002-10-19,412000.0
2002-10-26,409000.0
2002-11-02,405000.0
2002-11-09,400000.0
2002-11-16,389000.0
2002-11-23,390000.0
2002-11-30,377000.0
2002-12-07,425000.0
2002-12-14,429000.0
2002-12-21,394000.0
2002-12-28,409000.0
2003-01-04,393000.0
2003-01-11,378000.0
2003-01-18,402000.0
2003-01-25,407000.0
2003-02-01,413000.0
2003-02-08,390000.0
2003-02-15,420000.0
2003-02-22,421000.0
2003-03-01,436000.0
2003-03-08,424000.0
2003-03-15,430000.0
2003-03-22,411000.0
2003-03-29,436000.0
2003-04-05,417000.0
2003-04-12,434000.0
2003-04-19,450000.0
2003-04-26,444000.0
2003-05-03,428000.0
2003-05-10,417000.0
2003-05-17,425000.0
2003-05-24,419000.0
2003-05-31,431000.0
2003-06-07,429000.0
2003-06-14,421000.0
2003-06-21,408000.0
2003-06-28,429000.0
2003-07-05,433000.0
2003-07-12,412000.0
2003-07-19,403000.0
2003-07-26,398000.0
2003-08-02,401000.0
2003-08-09,404000.0
2003-08-16,398000.0
2003-08-23,391000.0
2003-08-30,407000.0
2003-09-06,422000.0
2003-09-13,394000.0
2003-09-20,379000.0
2003-09-27,387000.0
2003-10-04,386000.0
2003-10-11,376000.0
2003-10-18,387000.0
2003-10-25,379000.0
2003-11-01,363000.0
2003-11-08,371000.0
2003-11-15,370000.0
2003-11-22,354000.0
2003-11-29,357000.0
2003-12-06,367000.0
2003-12-13,363000.0
2003-12-20,354000.0
2003-12-27,349000.0
2004-01-03,356000.0
2004-01-10,354000.0
2004-01-17,362000.0
2004-01-24,353000.0
2004-01-31,376000.0
2004-02-07,380000.0
2004-02-14,356000.0
2004-02-21,359000.0
2004-02-28,348000.0
2004-03-06,344000.0
2004-03-13,338000.0
2004-03-20,346000.0
2004-03-27,340000.0
2004-04-03,335000.0
2004-04-10,355000.0
2004-04-17,364000.0
2004-04-24,339000.0
2004-05-01,324000.0
2004-05-08,329000.0
2004-05-15,349000.0
2004-05-22,342000.0
2004-05-29,337000.0
2004-06-05,355000.0
2004-06-12,339000.0
2004-06-19,354000.0
2004-06-26,348000.0
2004-07-03,326000.0
2004-07-10,345000.0
2004-07-17,355000.0
2004-07-24,348000.0
2004-07-31,341000.0
2004-08-07,336000.0
2004-08-14,332000.0
2004-08-21,343000.0
2004-08-28,352000.0
2004-09-04,326000.0
2004-09-11,331000.0
2004-09-18,341000.0
2004-09-25,351000.0
2004-10-02,335000.0
2004-10-09,338000.0
2004-10-16,327000.0
2004-10-23,338000.0
2004-10-30,332000.0
2004-11-06,330000.0
2004-11-13,337000.0
2004-11-20,313000.0
2004-11-27,335000.0
2004-12-04,343000.0
2004-12-11,316000.0
2004-12-18,322000.0
2004-12-25,320000.0
2005-01-01,356000.0
2005-01-08,369000.0
2005-01-15,332000.0
2005-01-22,329000.0
2005-01-29,331000.0
2005-02-05,307000.0
2005-02-12,308000.0
2005-02-19,318000.0
2005-02-26,314000.0
2005-03-05,333000.0
2005-03-12,324000.0
2005-03-19,329000.0
2005-03-26,342000.0
2005-04-02,335000.0
2005-04-09,323000.0
2005-04-16,307000.0
2005-04-23,317000.0
2005-04-30,334000.0
2005-05-07,327000.0
2005-05-14,321000.0
2005-05-21,320000.0
2005-05-28,340000.0
2005-06-04,338000.0
2005-06-11,333000.0
2005-06-18,321000.0
2005-06-25,311000.0
2005-07-02,327000.0
2005-07-09,338000.0
2005-07-16,323000.0
2005-07-23,318000.0
2005-07-30,316000.0
2005-08-06,311000.0
2005-08-13,319000.0
2005-08-20,315000.0
2005-08-27,318000.0
2005-09-03,326000.0
2005-09-10,422000.0
2005-09-17,424000.0
2005-09-24,359000.0
2005-10-01,384000.0
2005-10-08,383000.0
2005-10-15,348000.0
2005-10-22,324000.0
2005-10-29,322000.0
2005-11-05,325000.0
2005-11-12,309000.0
2005-11-19,324000.0
2005-11-26,311000.0
2005-12-03,321000.0
2005-12-10,327000.0
2005-12-17,312000.0
2005-12-24,320000.0
2005-12-31,302000.0
2006-01-07,326000.0
2006-01-14,285000.0
2006-01-21,290000.0
2006-01-28,282000.0
2006-02-04,289000.0
2006-02-11,298000.0
2006-02-18,283000.0
2006-02-25,293000.0
2006-03-04,302000.0
2006-03-11,307000.0
2006-03-18,303000.0
2006-03-25,295000.0
2006-04-01,291000.0
2006-04-08,299000.0
2006-04-15,299000.0
2006-04-22,308000.0
2006-04-29,321000.0
2006-05-06,347000.0
2006-05-13,335000.0
2006-05-20,319000.0
2006-05-27,330000.0
2006-06-03,307000.0
2006-06-10,298000.0
2006-06-17,308000.0
2006-06-24,309000.0
2006-07-01,316000.0
2006-07-08,343000.0
2006-07-15,318000.0
2006-07-22,306000.0
2006-07-29,311000.0
2006-08-05,318000.0
2006-08-12,310000.0
2006-08-19,315000.0
2006-08-26,314000.0
2006-09-02,315000.0
2006-09-09,314000.0
2006-09-16,324000.0
2006-09-23,319000.0
2006-09-30,309000.0
2006-10-07,316000.0
2006-10-14,305000.0
2006-10-21,313000.0
2006-10-28,328000.0
2006-11-04,319000.0
2006-11-11,311000.0
2006-11-18,326000.0
2006-11-25,349000.0
2006-12-02,327000.0
2006-12-09,311000.0
2006-12-16,318000.0
2006-12-23,323000.0
2006-12-30,341000.0
2007-01-06,330000.0
2007-01-13,296000.0
2007-01-20,335000.0
2007-01-27,308000.0
2007-02-03,310000.0
2007-02-10,338000.0
2007-02-17,321000.0
2007-02-24,322000.0
2007-03-03,320000.0
2007-03-10,308000.0
2007-03-17,309000.0
2007-03-24,303000.0
2007-03-31,307000.0
2007-04-07,332000.0
2007-04-14,327000.0
2007-04-21,321000.0
2007-04-28,301000.0
2007-05-05,300000.0
2007-05-12,297000.0
2007-05-19,310000.0
2007-05-26,310000.0
2007-06-02,313000.0
2007-06-09,313000.0
2007-06-16,320000.0
2007-06-23,313000.0
2007-06-30,317000.0
2007-07-07,321000.0
2007-07-14,317000.0
2007-07-21,310000.0
2007-07-28,305000.0
2007-08-04,314000.0
2007-08-11,316000.0
2007-08-18,321000.0
2007-08-25,329000.0
2007-09-01,314000.0
2007-09-08,321000.0
2007-09-15,313000.0
2007-09-22,302000.0
2007-09-29,317000.0
2007-10-06,316000.0
2007-10-13,335000.0
2007-10-20,334000.0
2007-10-27,328000.0
2007-11-03,327000.0
2007-11-10,333000.0
2007-11-17,332000.0
2007-11-24,352000.0
2007-12-01,344000.0
2007-12-08,332000.0
2007-12-15,350000.0
2007-12-22,355000.0
2007-12-29,360000.0
2008-01-05,346000.0
2008-01-12,322000.0
2008-01-19,321000.0
2008-01-26,366000.0
2008-02-02,350000.0
2008-02-09,344000.0
2008-02-16,339000.0
2008-02-23,354000.0
2008-03-01,345000.0
2008-03-08,348000.0
2008-03-15,369000.0
2008-03-22,368000.0
2008-03-29,387000.0
2008-04-05,354000.0
2008-04-12,365000.0
2008-04-19,349000.0
2008-04-26,370000.0
2008-05-03,370000.0
2008-05-10,366000.0
2008-05-17,367000.0
2008-05-24,369000.0
2008-05-31,362000.0
2008-06-07,382000.0
2008-06-14,378000.0
2008-06-21,381000.0
2008-06-28,392000.0
2008-07-05,371000.0
2008-07-12,385000.0
2008-07-19,402000.0
2008-07-26,434000.0
2008-08-02,448000.0
2008-08-09,430000.0
2008-08-16,424000.0
2008-08-23,421000.0
2008-08-30,442000.0
2008-09-06,441000.0
2008-09-13,449000.0
2008-09-20,483000.0
2008-09-27,483000.0
2008-10-04,482000.0
2008-10-11,461000.0
2008-10-18,478000.0
2008-10-25,480000.0
2008-11-01,490000.0
2008-11-08,512000.0
2008-11-15,536000.0
2008-11-22,532000.0
2008-11-29,529000.0
2008-12-06,570000.0
2008-12-13,566000.0
2008-12-20,587000.0
2008-12-27,533000.0
2009-01-03,503000.0
2009-01-10,551000.0
2009-01-17,591000.0
2009-01-24,586000.0
2009-01-31,629000.0
2009-02-07,637000.0
2009-02-14,632000.0
2009-02-21,655000.0
2009-02-28,652000.0
2009-03-07,660000.0
2009-03-14,651000.0
2009-03-21,661000.0
2009-03-28,665000.0
2009-04-04,653000.0
2009-04-11,599000.0
2009-04-18,639000.0
2009-04-25,620000.0
2009-05-02,602000.0
2009-05-09,625000.0
2009-05-16,620000.0
2009-05-23,606000.0
2009-05-30,607000.0
2009-06-06,596000.0
2009-06-13,595000.0
2009-06-20,608000.0
2009-06-27,594000.0
2009-07-04,573000.0
2009-07-11,546000.0
2009-07-18,560000.0
2009-07-25,587000.0
2009-08-01,555000.0
2009-08-08,555000.0
2009-08-15,562000.0
2009-08-22,560000.0
2009-08-29,564000.0
2009-09-05,558000.0
2009-09-12,542000.0
2009-09-19,536000.0
2009-09-26,554000.0
2009-10-03,533000.0
2009-10-10,511000.0
2009-10-17,531000.0
2009-10-24,530000.0
2009-10-31,522000.0
2009-11-07,512000.0
2009-11-14,507000.0
2009-11-21,482000.0
2009-11-28,475000.0
2009-12-05,497000.0
2009-12-12,498000.0
2009-12-19,479000.0
2009-12-26,468000.0
2010-01-02,456000.0
2010-01-09,469000.0
2010-01-16,507000.0
2010-01-23,471000.0
2010-01-30,496000.0
2010-02-06,466000.0
2010-02-13,489000.0
2010-02-20,500000.0
2010-02-27,488000.0
2010-03-06,472000.0
2010-03-13,478000.0
2010-03-20,472000.0
2010-03-27,459000.0
2010-04-03,479000.0
2010-04-10,479000.0
2010-04-17,469000.0
2010-04-24,449000.0
2010-05-01,451000.0
2010-05-08,451000.0
2010-05-15,474000.0
2010-05-22,463000.0
2010-05-29,458000.0
2010-06-05,459000.0
2010-06-12,467000.0
2010-06-19,452000.0
2010-06-26,464000.0
2010-07-03,454000.0
2010-07-10,439000.0
2010-07-17,462000.0
2010-07-24,465000.0
2010-07-31,476000.0
2010-08-07,483000.0
2010-08-14,486000.0
2010-08-21,464000.0
2010-08-28,467000.0
2010-09-04,452000.0
2010-09-11,444000.0
2010-09-18,459000.0
2010-09-25,459000.0
2010-10-02,446000.0
2010-10-09,459000.0
2010-10-16,444000.0
2010-10-23,432000.0
2010-10-30,453000.0
2010-11-06,434000.0
2010-11-13,432000.0
2010-11-20,407000.0
2010-11-27,432000.0
2010-12-04,428000.0
2010-12-11,425000.0
2010-12-18,424000.0
2010-12-25,404000.0
2011-01-01,413000.0
2011-01-08,434000.0
2011-01-15,421000.0
2011-01-22,446000.0
2011-01-29,420000.0
2011-02-05,402000.0
2011-02-12,425000.0
2011-02-19,394000.0
2011-02-26,385000.0
2011-03-05,414000.0
2011-03-12,404000.0
2011-03-19,407000.0
2011-03-26,399000.0
2011-04-02,395000.0
2011-04-09,416000.0
2011-04-16,402000.0
2011-04-23,422000.0
2011-04-30,468000.0
2011-05-07,435000.0
2011-05-14,414000.0
2011-05-21,423000.0
2011-05-28,418000.0
2011-06-04,423000.0
2011-06-11,413000.0
2011-06-18,416000.0
2011-06-25,421000.0
2011-07-02,418000.0
2011-07-09,408000.0
2011-07-16,420000.0
2011-07-23,411000.0
2011-07-30,406000.0
2011-08-06,405000.0
2011-08-13,409000.0
2011-08-20,415000.0
2011-08-27,409000.0
2011-09-03,414000.0
2011-09-10,429000.0
2011-09-17,422000.0
2011-09-24,406000.0
2011-10-01,405000.0
2011-10-08,410000.0
2011-10-15,395000.0
2011-10-22,403000.0
2011-10-29,399000.0
2011-11-05,392000.0
2011-11-12,383000.0
2011-11-19,385000.0
2011-11-26,397000.0
2011-12-03,387000.0
2011-12-10,368000.0
2011-12-17,368000.0
2011-12-24,386000.0
2011-12-31,376000.0
2012-01-07,391000.0
2012-01-14,367000.0
2012-01-21,381000.0
2012-01-28,372000.0
2012-02-04,368000.0
2012-02-11,361000.0
2012-02-18,359000.0
2012-02-25,365000.0
2012-03-03,375000.0
2012-03-10,369000.0
2012-03-17,368000.0
2012-03-24,363000.0
2012-03-31,358000.0
2012-04-07,387000.0
2012-04-14,381000.0
2012-04-21,387000.0
2012-04-28,372000.0
2012-05-05,373000.0
2012-05-12,369000.0
2012-05-19,371000.0
2012-05-26,381000.0
2012-06-02,377000.0
2012-06-09,383000.0
2012-06-16,384000.0
2012-06-23,380000.0
2012-06-30,372000.0
2012-07-07,360000.0
2012-07-14,390000.0
2012-07-21,368000.0
2012-07-28,372000.0
2012-08-04,371000.0
2012-08-11,369000.0
2012-08-18,376000.0
2012-08-25,377000.0
2012-09-01,371000.0
2012-09-08,393000.0
2012-09-15,392000.0
2012-09-22,377000.0
2012-09-29,376000.0
2012-10-06,350000.0
2012-10-13,386000.0
2012-10-20,374000.0
2012-10-27,364000.0
2012-11-03,365000.0
2012-11-10,446000.0
2012-11-17,406000.0
2012-11-24,388000.0
2012-12-01,375000.0
2012-12-08,340000.0
2012-12-15,356000.0
2012-12-22,362000.0
2012-12-29,362000.0
2013-01-05,363000.0
2013-01-12,344000.0
2013-01-19,339000.0
2013-01-26,366000.0
2013-02-02,361000.0
2013-02-09,347000.0
2013-02-16,362000.0
2013-02-23,342000.0
2013-03-02,340000.0
2013-03-09,343000.0
2013-03-16,343000.0
2013-03-23,358000.0
2013-03-30,375000.0
2013-04-06,359000.0
2013-04-13,356000.0
2013-04-20,343000.0
2013-04-27,331000.0
2013-05-04,335000.0
2013-05-11,360000.0
2013-05-18,343000.0
2013-05-25,353000.0
2013-06-01,346000.0
2013-06-08,337000.0
2013-06-15,353000.0
2013-06-22,347000.0
2013-06-29,340000.0
2013-07-06,351000.0
2013-07-13,344000.0
2013-07-20,355000.0
2013-07-27,334000.0
2013-08-03,339000.0
2013-08-10,327000.0
2013-08-17,340000.0
2013-08-24,336000.0
2013-08-31,325000.0
2013-09-07,300000.0
2013-09-14,323000.0
2013-09-21,314000.0
2013-09-28,319000.0
2013-10-05,368000.0
2013-10-12,368000.0
2013-10-19,351000.0
2013-10-26,347000.0
2013-11-02,342000.0
2013-11-09,340000.0
2013-11-16,331000.0
2013-11-23,316000.0
2013-11-30,312000.0
2013-12-07,354000.0
2013-12-14,364000.0
2013-12-21,334000.0
2013-12-28,332000.0
2014-01-04,322000.0
2014-01-11,318000.0
2014-01-18,327000.0
2014-01-25,340000.0
2014-02-01,331000.0
2014-02-08,337000.0
2014-02-15,332000.0
2014-02-22,341000.0
2014-03-01,319000.0
2014-03-08,322000.0
2014-03-15,321000.0
2014-03-22,313000.0
2014-03-29,330000.0
2014-04-05,311000.0
2014-04-12,308000.0
2014-04-19,327000.0
2014-04-26,345000.0
2014-05-03,325000.0
2014-05-10,303000.0
2014-05-17,324000.0
2014-05-24,305000.0
2014-05-31,312000.0
2014-06-07,317000.0
2014-06-14,314000.0
2014-06-21,315000.0
2014-06-28,308000.0
2014-07-05,302000.0
2014-07-12,308000.0
2014-07-19,294000.0
2014-07-26,303000.0
2014-08-02,295000.0
2014-08-09,309000.0
2014-08-16,303000.0
2014-08-23,300000.0
2014-08-30,303000.0
2014-09-06,307000.0
2014-09-13,288000.0
2014-09-20,295000.0
2014-09-27,290000.0
2014-10-04,293000.0
2014-10-11,281000.0
2014-10-18,290000.0
2014-10-25,291000.0
2014-11-01,280000.0
2014-11-08,291000.0
2014-11-15,293000.0
2014-11-22,303000.0
2014-11-29,291000.0
2014-12-06,291000.0
2014-12-13,286000.0
2014-12-20,276000.0
2014-12-27,285000.0
2015-01-03,294000.0
2015-01-10,304000.0
2015-01-17,298000.0
2015-01-24,261000.0
2015-01-31,281000.0
2015-02-07,298000.0
2015-02-14,285000.0
2015-02-21,305000.0
2015-02-28,317000.0
2015-03-07,293000.0
2015-03-14,290000.0
2015-03-21,284000.0
2015-03-28,269000.0
2015-04-04,282000.0
2015-04-11,298000.0
2015-04-18,295000.0
2015-04-25,269000.0
2015-05-02,267000.0
2015-05-09,271000.0
2015-05-16,276000.0
2015-05-23,281000.0
2015-05-30,275000.0
2015-06-06,278000.0
2015-06-13,269000.0
2015-06-20,273000.0
2015-06-27,275000.0
2015-07-04,292000.0
2015-07-11,285000.0
2015-07-18,265000.0
2015-07-25,269000.0
2015-08-01,270000.0
2015-08-08,274000.0
2015-08-15,279000.0
2015-08-22,274000.0
2015-08-29,279000.0
2015-09-05,273000.0
2015-09-12,264000.0
2015-09-19,269000.0
2015-09-26,272000.0
2015-10-03,267000.0
2015-10-10,265000.0
2015-10-17,264000.0
2015-10-24,264000.0
2015-10-31,275000.0
2015-11-07,276000.0
2015-11-14,272000.0
2015-11-21,261000.0
2015-11-28,265000.0
2015-12-05,280000.0
2015-12-12,268000.0
2015-12-19,260000.0
2015-12-26,276000.0
2016-01-02,273000.0
2016-01-09,284000.0
2016-01-16,290000.0
2016-01-23,269000.0
2016-01-30,282000.0
2016-02-06,266000.0
2016-02-13,262000.0
2016-02-20,270000.0
2016-02-27,269000.0
2016-03-05,255000.0
2016-03-12,263000.0
2016-03-19,264000.0
2016-03-26,271000.0
2016-04-02,273000.0
2016-04-09,263000.0
2016-04-16,257000.0
2016-04-23,259000.0
2016-04-30,278000.0
2016-05-07,289000.0
2016-05-14,279000.0
2016-05-21,267000.0
2016-05-28,263000.0
2016-06-04,265000.0
2016-06-11,273000.0
2016-06-18,261000.0
2016-06-25,262000.0
2016-07-02,255000.0
2016-07-09,252000.0
2016-07-16,260000.0
2016-07-23,264000.0
2016-07-30,266000.0
2016-08-06,265000.0
2016-08-13,264000.0
2016-08-20,264000.0
2016-08-27,261000.0
2016-09-03,257000.0
2016-09-10,252000.0
2016-09-17,250000.0
2016-09-24,247000.0
2016-10-01,245000.0
2016-10-08,250000.0
2016-10-15,263000.0
2016-10-22,256000.0
2016-10-29,265000.0
2016-11-05,250000.0
2016-11-12,232000.0
2016-11-19,246000.0
2016-11-26,255000.0
2016-12-03,248000.0
2016-12-10,252000.0
2016-12-17,260000.0
2016-12-24,257000.0
2016-12-31,244000.0
2017-01-07,245000.0
2017-01-14,240000.0
2017-01-21,250000.0
2017-01-28,241000.0
2017-02-04,230000.0
2017-02-11,233000.0
2017-02-18,237000.0
2017-02-25,221000.0
2017-03-04,236000.0
2017-03-11,228000.0
2017-03-18,235000.0
2017-03-25,236000.0
2017-04-01,216000.0
2017-04-08,222000.0
2017-04-15,231000.0
2017-04-22,238000.0
2017-04-29,232000.0
2017-05-06,233000.0
2017-05-13,234000.0
2017-05-20,236000.0
2017-05-27,253000.0
2017-06-03,251000.0
2017-06-10,245000.0
2017-06-17,249000.0
2017-06-24,247000.0
2017-07-01,256000.0
2017-07-08,259000.0
2017-07-15,245000.0
2017-07-22,249000.0
2017-07-29,245000.0
2017-08-05,254000.0
2017-08-12,245000.0
2017-08-19,245000.0
2017-08-26,247000.0
2017-09-02,297000.0
2017-09-09,280000.0
2017-09-16,261000.0
2017-09-23,264000.0
2017-09-30,260000.0
2017-10-07,252000.0
2017-10-14,235000.0
2017-10-21,241000.0
2017-10-28,241000.0
2017-11-04,248000.0
2017-11-11,254000.0
2017-11-18,246000.0
2017-11-25,243000.0
2017-12-02,241000.0
2017-12-09,229000.0
2017-12-16,244000.0
2017-12-23,251000.0
2017-12-30,248000.0
2018-01-06,252000.0
2018-01-13,230000.0
2018-01-20,231000.0
2018-01-27,228000.0
2018-02-03,224000.0
2018-02-10,225000.0
2018-02-17,219000.0
2018-02-24,216000.0
2018-03-03,228000.0
2018-03-10,223000.0
2018-03-17,225000.0
2018-03-24,221000.0
2018-03-31,232000.0
2018-04-07,234000.0
2018-04-14,236000.0
2018-04-21,207000.0
2018-04-28,209000.0
2018-05-05,211000.0
2018-05-12,222000.0
2018-05-19,230000.0
2018-05-26,222000.0
2018-06-02,223000.0
2018-06-09,222000.0
2018-06-16,218000.0
2018-06-23,222000.0
2018-06-30,228000.0
2018-07-07,216000.0
2018-07-14,205000.0
2018-07-21,210000.0
2018-07-28,207000.0
2018-08-04,210000.0
2018-08-11,206000.0
2018-08-18,207000.0
2018-08-25,211000.0
2018-09-01,201000.0
2018-09-08,204000.0
2018-09-15,206000.0
2018-09-22,205000.0
2018-09-29,210000.0
2018-10-06,211000.0
2018-10-13,208000.0
2018-10-20,217000.0
2018-10-27,216000.0
2018-11-03,218000.0
2018-11-10,221000.0
2018-11-17,225000.0
2018-11-24,237000.0
2018-12-01,232000.0
2018-12-08,208000.0
2018-12-15,217000.0
2018-12-22,228000.0
2018-12-29,238000.0
2019-01-05,225000.0
2019-01-12,218000.0
2019-01-19,214000.0
2019-01-26,234000.0
2019-02-02,232000.0
2019-02-09,226000.0
2019-02-16,211000.0
2019-02-23,221000.0
2019-03-02,216000.0
2019-03-09,218000.0
2019-03-16,212000.0
2019-03-23,210000.0
2019-03-30,203000.0
2019-04-06,196000.0
2019-04-13,197000.0
2019-04-20,222000.0
2019-04-27,224000.0
2019-05-04,225000.0
2019-05-11,212000.0
2019-05-18,215000.0
2019-05-25,222000.0
2019-06-01,223000.0
2019-06-08,226000.0
2019-06-15,217000.0
2019-06-22,234000.0
2019-06-29,226000.0
2019-07-06,215000.0
2019-07-13,211000.0
2019-07-20,202000.0
2019-07-27,206000.0
2019-08-03,208000.0
2019-08-10,212000.0
2019-08-17,207000.0
2019-08-24,213000.0
2019-08-31,215000.0
2019-09-07,207000.0
2019-09-14,205000.0
2019-09-21,211000.0
2019-09-28,215000.0
2019-10-05,209000.0
2019-10-12,215000.0
2019-10-19,210000.0
2019-10-26,215000.0
2019-11-02,214000.0
2019-11-09,227000.0
2019-11-16,229000.0
2019-11-23,221000.0
2019-11-30,231000.0
2019-12-07,247000.0
2019-12-14,236000.0
2019-12-21,230000.0
2019-12-28,231000.0
2020-01-04,224000.0
2020-01-11,207000.0
2020-01-18,221000.0
2020-01-25,210000.0
2020-02-01,207000.0
2020-02-08,202000.0
2020-02-15,209000.0
2020-02-22,218000.0
2020-02-29,215000.0
2020-03-07,208000.0
2020-03-14,273000.0
2020-03-21,2914000.0
2020-03-28,5946000.0
2020-04-04,6137000.0
2020-04-11,4869000.0
2020-04-18,4201000.0
2020-04-25,3446000.0
2020-05-02,2796000.0
2020-05-09,2335000.0
2020-05-16,2176000.0
2020-05-23,1921000.0
2020-05-30,1639000.0
2020-06-06,1575000.0
2020-06-13,1473000.0
2020-06-20,1467000.0
2020-06-27,1446000.0
2020-07-04,1413000.0
2020-07-11,1468000.0
2020-07-18,1393000.0
2020-07-25,1260000.0
2020-08-01,1044000.0
2020-08-08,884000.0
2020-08-15,927000.0
2020-08-22,876000.0
2020-08-29,881000.0
2020-09-05,892000.0
2020-09-12,861000.0
2020-09-19,859000.0
2020-09-26,795000.0
2020-10-03,785000.0
2020-10-10,839000.0
2020-10-17,804000.0
2020-10-24,776000.0
2020-10-31,773000.0
2020-11-07,737000.0
2020-11-14,738000.0
2020-11-21,793000.0
2020-11-28,737000.0
2020-12-05,873000.0
2020-12-12,886000.0
2020-12-19,815000.0
2020-12-26,773000.0
2021-01-02,803000.0
2021-01-09,890000.0
2021-01-16,844000.0
2021-01-23,799000.0
2021-01-30,803000.0
2021-02-06,812000.0
2021-02-13,802000.0
2021-02-20,702000.0
2021-02-27,704000.0
2021-03-06,693000.0
2021-03-13,699000.0
2021-03-20,627000.0
2021-03-27,658000.0
2021-04-03,645000.0
2021-04-10,571000.0
2021-04-17,566000.0
2021-04-24,574000.0
2021-05-01,517000.0
2021-05-08,494000.0
2021-05-15,467000.0
2021-05-22,441000.0
2021-05-29,427000.0
2021-06-05,420000.0
2021-06-12,428000.0
2021-06-19,422000.0
2021-06-26,368000.0
2021-07-03,371000.0
2021-07-10,333000.0
2021-07-17,387000.0
2021-07-24,380000.0
2021-07-31,379000.0
2021-08-07,361000.0
2021-08-14,367000.0
2021-08-21,358000.0
2021-08-28,353000.0
2021-09-04,335000.0
2021-09-11,342000.0
2021-09-18,367000.0
2021-09-25,375000.0
2021-10-02,312000.0
2021-10-09,291000.0
2021-10-16,289000.0
2021-10-23,269000.0
2021-10-30,261000.0
2021-11-06,251000.0
2021-11-13,250000.0
2021-11-20,224000.0
2021-11-27,221000.0
2021-12-04,206000.0
2021-12-11,227000.0
2021-12-18,215000.0
2021-12-25,217000.0
2022-01-01,229000.0
2022-01-08,250000.0
2022-01-15,246000.0
2022-01-22,240000.0
2022-01-29,231000.0
2022-02-05,210000.0
2022-02-12,234000.0
2022-02-19,224000.0
2022-02-26,208000.0
2022-03-05,222000.0
2022-03-12,217000.0
2022-03-19,207000.0
2022-03-26,214000.0
2022-04-02,214000.0
2022-04-09,214000.0
2022-04-16,210000.0
2022-04-23,209000.0
2022-04-30,218000.0
2022-05-07,204000.0
2022-05-14,225000.0
2022-05-21,211000.0
2022-05-28,199000.0
2022-06-04,213000.0
2022-06-11,211000.0
2022-06-18,214000.0
2022-06-25,212000.0
2022-07-02,214000.0
2022-07-09,212000.0
2022-07-16,216000.0
2022-07-23,221000.0
2022-07-30,228000.0
2022-08-06,221000.0
2022-08-13,220000.0
2022-08-20,215000.0
2022-08-27,210000.0
2022-09-03,203000.0
2022-09-10,195000.0
2022-09-17,202000.0
2022-09-24,190000.0
2022-10-01,203000.0
2022-10-08,207000.0
2022-10-15,199000.0
2022-10-22,202000.0
2022-10-29,202000.0
2022-11-05,204000.0
2022-11-12,210000.0
2022-11-19,220000.0
2022-11-26,209000.0
2022-12-03,209000.0
2022-12-10,209000.0
2022-12-17,213000.0
2022-12-24,205000.0
2022-12-31,205000.0
2023-01-07,210000.0
2023-01-14,204000.0
2023-01-21,204000.0
2023-01-28,200000.0
2023-02-04,215000.0
2023-02-11,220000.0
2023-02-18,217000.0
2023-02-25,207000.0
2023-03-04,230000.0
2023-03-11,222000.0
2023-03-18,230000.0
2023-03-25,234000.0
2023-04-01,217000.0
2023-04-08,220000.0
2023-04-15,223000.0
2023-04-22,209000.0
2023-04-29,213000.0
2023-05-06,223000.0
2023-05-13,225000.0
2023-05-20,227000.0
2023-05-27,229000.0
2023-06-03,252000.0
2023-06-10,256000.0
2023-06-17,259000.0
2023-06-24,236000.0
2023-07-01,248000.0
2023-07-08,230000.0
2023-07-15,229000.0
2023-07-22,231000.0
2023-07-29,238000.0
2023-08-05,258000.0
2023-08-12,248000.0
2023-08-19,240000.0
2023-08-26,234000.0
2023-09-02,225000.0
2023-09-09,225000.0
2023-09-16,211000.0
2023-09-23,216000.0
2023-09-30,216000.0
2023-10-07,210000.0
2023-10-14,200000.0
2023-10-21,214000.0
2023-10-28,217000.0
2023-11-04,216000.0
2023-11-11,230000.0
2023-11-18,213000.0
2023-11-25,213000.0
2023-12-02,215000.0
2023-12-09,203000.0
2023-12-16,209000.0
2023-12-23,212000.0
2023-12-30,200000.0
2024-01-06,201000.0
2024-01-13,195000.0
2024-01-20,224000.0
2024-01-27,226000.0
2024-02-03,213000.0
2024-02-10,213000.0
2024-02-17,202000.0
2024-02-24,212000.0
2024-03-02,213000.0
2024-03-09,213000.0
2024-03-16,213000.0
2024-03-23,214000.0
2024-03-30,223000.0
2024-04-06,213000.0
2024-04-13,212000.0
2024-04-20,209000.0
2024-04-27,207000.0
2024-05-04,230000.0
2024-05-11,222000.0
2024-05-18,216000.0
2024-05-25,220000.0
2024-06-01,227000.0
2024-06-08,240000.0
2024-06-15,236000.0
2024-06-22,233000.0
2024-06-29,238000.0
2024-07-06,223000.0
2024-07-13,241000.0
2024-07-20,237000.0
2024-07-27,248000.0
2024-08-03,234000.0
2024-08-10,228000.0
2024-08-17,232000.0
2024-08-24,232000.0
2024-08-31,227000.0
2024-09-07,227000.0
2024-09-14,223000.0
2024-09-21,221000.0
2024-09-28,227000.0
2024-10-05,258000.0
2024-10-12,241000.0
2024-10-19,227000.0
2024-10-26,219000.0
2024-11-02,221000.0
2024-11-09,218000.0
2024-11-16,216000.0
2024-11-23,219000.0
2024-11-30,222000.0
2024-12-07,238000.0
2024-12-14,222000.0
2024-12-21,219000.0
2024-12-28,212000.0
2025-01-04,206000.0
2025-01-11,219000.0
2025-01-18,223000.0
2025-01-25,212000.0
2025-02-01,220000.0
2025-02-08,216000.0
2025-02-15,223000.0
2025-02-22,241000.0
2025-03-01,224000.0
2025-03-08,222000.0
2025-03-15,225000.0
2025-03-22,224000.0
2025-03-29,220000.0
2025-04-05,223000.0
2025-04-12,217000.0
2025-04-19,224000.0
2025-04-26,239000.0
2025-05-03,228000.0
2025-05-10,226000.0
2025-05-17,225000.0
2025-05-24,236000.0
2025-05-31,244000.0
2025-06-07,246000.0
2025-06-14,243000.0
2025-06-21,236000.0
2025-06-28,231000.0
2025-07-05,228000.0
2025-07-12,221000.0
2025-07-19,218000.0
2025-07-26,219000.0
2025-08-02,226000.0
2025-08-09,224000.0
2025-08-16,233000.0
2025-08-23,229000.0
2025-08-30,236000.0
2025-09-06,259000.0
2025-09-13,233000.0
2025-09-20,219000.0
2025-09-27,225000.0
2025-10-04,233000.0
2025-10-11,222000.0
2025-10-18,231000.0
2025-10-25,221000.0
2025-11-01,228000.0
2025-11-08,228000.0
2025-11-15,222000.0
2025-11-22,218000.0
2025-11-29,216000.0
2025-12-06,235000.0
2025-12-13,224000.0
2025-12-20,215000.0
2025-12-27,203000.0
2026-01-03,207000.0
2026-01-10,201000.0
2026-01-17,210000.0
2026-01-24,211000.0
2026-01-31,230000.0
2026-02-07,230000.0
2026-02-14,208000.0
2026-02-21,211000.0
2026-02-28,214000.0
2026-03-07,213000.0
2026-03-14,205000.0
2026-03-21,211000.0
2026-03-28,203000.0
2026-04-04,218000.0
2026-04-11,208000.0
2026-04-18,215000.0
2026-04-25,190000.0
2026-05-02,199000.0
2026-05-09,211000.0
