observation_date,nfci
1990-01-05,0.034
1990-01-12,0.046
1990-01-19,0.056
1990-01-26,0.063
1990-02-02,0.065
1990-02-09,0.062
1990-02-16,0.057
1990-02-23,0.051
1990-03-02,0.046
1990-03-09,0.046
1990-03-16,0.051
1990-03-23,0.062
1990-03-30,0.077
1990-04-06,0.093
1990-04-13,0.106
1990-04-20,0.112
1990-04-27,0.109
1990-05-04,0.095
1990-05-11,0.069
1990-05-18,0.034
1990-05-25,-0.007
1990-06-01,-0.05
1990-06-08,-0.09
1990-06-15,-0.123
1990-06-22,-0.146
1990-06-29,-0.156
1990-07-06,-0.153
1990-07-13,-0.137
1990-07-20,-0.11
1990-07-27,-0.073
1990-08-03,-0.029
1990-08-10,0.021
1990-08-17,0.074
1990-08-24,0.129
1990-08-31,0.183
1990-09-07,0.237
1990-09-14,0.288
1990-09-21,0.335
1990-09-28,0.379
1990-10-05,0.411
1990-10-12,0.435
1990-10-19,0.449
1990-10-26,0.454
1990-11-02,0.455
1990-11-09,0.454
1990-11-16,0.454
1990-11-23,0.458
1990-11-30,0.469
1990-12-07,0.482
1990-12-14,0.497
1990-12-21,0.511
1990-12-28,0.518
1991-01-04,0.511
1991-01-11,0.49
1991-01-18,0.451
1991-01-25,0.392
1991-02-01,0.323
1991-02-08,0.248
1991-02-15,0.173
1991-02-22,0.102
1991-03-01,0.037
1991-03-08,-0.02
1991-03-15,-0.07
1991-03-22,-0.113
1991-03-29,-0.149
1991-04-05,-0.179
1991-04-12,-0.203
1991-04-19,-0.222
1991-04-26,-0.236
1991-05-03,-0.244
1991-05-10,-0.248
1991-05-17,-0.246
1991-05-24,-0.242
1991-05-31,-0.238
1991-06-07,-0.236
1991-06-14,-0.239
1991-06-21,-0.251
1991-06-28,-0.27
1991-07-05,-0.3
1991-07-12,-0.335
1991-07-19,-0.375
1991-07-26,-0.415
1991-08-02,-0.453
1991-08-09,-0.485
1991-08-16,-0.51
1991-08-23,-0.528
1991-08-30,-0.541
1991-09-06,-0.548
1991-09-13,-0.554
1991-09-20,-0.558
1991-09-27,-0.561
1991-10-04,-0.564
1991-10-11,-0.568
1991-10-18,-0.574
1991-10-25,-0.581
1991-11-01,-0.59
1991-11-08,-0.599
1991-11-15,-0.609
1991-11-22,-0.618
1991-11-29,-0.628
1991-12-06,-0.639
1991-12-13,-0.649
1991-12-20,-0.657
1991-12-27,-0.664
1992-01-03,-0.666
1992-01-10,-0.666
1992-01-17,-0.664
1992-01-24,-0.66
1992-01-31,-0.658
1992-02-07,-0.656
1992-02-14,-0.655
1992-02-21,-0.654
1992-02-28,-0.656
1992-03-06,-0.659
1992-03-13,-0.663
1992-03-20,-0.672
1992-03-27,-0.684
1992-04-03,-0.699
1992-04-10,-0.718
1992-04-17,-0.739
1992-04-24,-0.761
1992-05-01,-0.784
1992-05-08,-0.805
1992-05-15,-0.825
1992-05-22,-0.844
1992-05-29,-0.86
1992-06-05,-0.874
1992-06-12,-0.889
1992-06-19,-0.902
1992-06-26,-0.915
1992-07-03,-0.925
1992-07-10,-0.933
1992-07-17,-0.938
1992-07-24,-0.939
1992-07-31,-0.937
1992-08-07,-0.932
1992-08-14,-0.924
1992-08-21,-0.913
1992-08-28,-0.898
1992-09-04,-0.879
1992-09-11,-0.858
1992-09-18,-0.832
1992-09-25,-0.803
1992-10-02,-0.772
1992-10-09,-0.742
1992-10-16,-0.715
1992-10-23,-0.694
1992-10-30,-0.682
1992-11-06,-0.681
1992-11-13,-0.689
1992-11-20,-0.707
1992-11-27,-0.735
1992-12-04,-0.77
1992-12-11,-0.808
1992-12-18,-0.846
1992-12-25,-0.881
1993-01-01,-0.909
1993-01-08,-0.93
1993-01-15,-0.945
1993-01-22,-0.954
1993-01-29,-0.958
1993-02-05,-0.959
1993-02-12,-0.958
1993-02-19,-0.957
1993-02-26,-0.957
1993-03-05,-0.959
1993-03-12,-0.963
1993-03-19,-0.969
1993-03-26,-0.976
1993-04-02,-0.982
1993-04-09,-0.989
1993-04-16,-0.993
1993-04-23,-0.995
1993-04-30,-0.994
1993-05-07,-0.991
1993-05-14,-0.987
1993-05-21,-0.983
1993-05-28,-0.982
1993-06-04,-0.984
1993-06-11,-0.992
1993-06-18,-1.004
1993-06-25,-1.02
1993-07-02,-1.037
1993-07-09,-1.055
1993-07-16,-1.07
1993-07-23,-1.083
1993-07-30,-1.092
1993-08-06,-1.097
1993-08-13,-1.098
1993-08-20,-1.095
1993-08-27,-1.09
1993-09-03,-1.083
1993-09-10,-1.074
1993-09-17,-1.063
1993-09-24,-1.049
1993-10-01,-1.034
1993-10-08,-1.018
1993-10-15,-1.001
1993-10-22,-0.983
1993-10-29,-0.966
1993-11-05,-0.951
1993-11-12,-0.94
1993-11-19,-0.935
1993-11-26,-0.938
1993-12-03,-0.946
1993-12-10,-0.959
1993-12-17,-0.975
1993-12-24,-0.991
1993-12-31,-1.005
1994-01-07,-1.015
1994-01-14,-1.021
1994-01-21,-1.02
1994-01-28,-1.013
1994-02-04,-0.999
1994-02-11,-0.977
1994-02-18,-0.951
1994-02-25,-0.92
1994-03-04,-0.887
1994-03-11,-0.853
1994-03-18,-0.821
1994-03-25,-0.791
1994-04-01,-0.766
1994-04-08,-0.747
1994-04-15,-0.734
1994-04-22,-0.725
1994-04-29,-0.722
1994-05-06,-0.72
1994-05-13,-0.72
1994-05-20,-0.721
1994-05-27,-0.722
1994-06-03,-0.721
1994-06-10,-0.721
1994-06-17,-0.718
1994-06-24,-0.717
1994-07-01,-0.719
1994-07-08,-0.725
1994-07-15,-0.737
1994-07-22,-0.753
1994-07-29,-0.771
1994-08-05,-0.787
1994-08-12,-0.8
1994-08-19,-0.807
1994-08-26,-0.806
1994-09-02,-0.797
1994-09-09,-0.779
1994-09-16,-0.753
1994-09-23,-0.724
1994-09-30,-0.693
1994-10-07,-0.665
1994-10-14,-0.641
1994-10-21,-0.62
1994-10-28,-0.6
1994-11-04,-0.58
1994-11-11,-0.558
1994-11-18,-0.532
1994-11-25,-0.503
1994-12-02,-0.473
1994-12-09,-0.444
1994-12-16,-0.421
1994-12-23,-0.407
1994-12-30,-0.405
1995-01-06,-0.416
1995-01-13,-0.439
1995-01-20,-0.47
1995-01-27,-0.505
1995-02-03,-0.542
1995-02-10,-0.575
1995-02-17,-0.602
1995-02-24,-0.622
1995-03-03,-0.634
1995-03-10,-0.638
1995-03-17,-0.64
1995-03-24,-0.639
1995-03-31,-0.639
1995-04-07,-0.641
1995-04-14,-0.648
1995-04-21,-0.659
1995-04-28,-0.672
1995-05-05,-0.686
1995-05-12,-0.699
1995-05-19,-0.708
1995-05-26,-0.711
1995-06-02,-0.708
1995-06-09,-0.701
1995-06-16,-0.691
1995-06-23,-0.68
1995-06-30,-0.672
1995-07-07,-0.668
1995-07-14,-0.669
1995-07-21,-0.673
1995-07-28,-0.681
1995-08-04,-0.69
1995-08-11,-0.7
1995-08-18,-0.708
1995-08-25,-0.712
1995-09-01,-0.714
1995-09-08,-0.711
1995-09-15,-0.708
1995-09-22,-0.702
1995-09-29,-0.697
1995-10-06,-0.696
1995-10-13,-0.699
1995-10-20,-0.705
1995-10-27,-0.714
1995-11-03,-0.725
1995-11-10,-0.737
1995-11-17,-0.747
1995-11-24,-0.753
1995-12-01,-0.754
1995-12-08,-0.752
1995-12-15,-0.748
1995-12-22,-0.744
1995-12-29,-0.744
1996-01-05,-0.75
1996-01-12,-0.76
1996-01-19,-0.775
1996-01-26,-0.793
1996-02-02,-0.809
1996-02-09,-0.82
1996-02-16,-0.825
1996-02-23,-0.82
1996-03-01,-0.807
1996-03-08,-0.788
1996-03-15,-0.764
1996-03-22,-0.741
1996-03-29,-0.719
1996-04-05,-0.702
1996-04-12,-0.69
1996-04-19,-0.684
1996-04-26,-0.686
1996-05-03,-0.691
1996-05-10,-0.7
1996-05-17,-0.708
1996-05-24,-0.715
1996-05-31,-0.717
1996-06-07,-0.715
1996-06-14,-0.711
1996-06-21,-0.706
1996-06-28,-0.701
1996-07-05,-0.699
1996-07-12,-0.699
1996-07-19,-0.704
1996-07-26,-0.712
1996-08-02,-0.722
1996-08-09,-0.733
1996-08-16,-0.741
1996-08-23,-0.745
1996-08-30,-0.745
1996-09-06,-0.741
1996-09-13,-0.737
1996-09-20,-0.733
1996-09-27,-0.732
1996-10-04,-0.735
1996-10-11,-0.743
1996-10-18,-0.753
1996-10-25,-0.765
1996-11-01,-0.776
1996-11-08,-0.784
1996-11-15,-0.786
1996-11-22,-0.782
1996-11-29,-0.771
1996-12-06,-0.756
1996-12-13,-0.738
1996-12-20,-0.721
1996-12-27,-0.707
1997-01-03,-0.697
1997-01-10,-0.692
1997-01-17,-0.694
1997-01-24,-0.7
1997-01-31,-0.71
1997-02-07,-0.72
1997-02-14,-0.73
1997-02-21,-0.735
1997-02-28,-0.736
1997-03-07,-0.73
1997-03-14,-0.72
1997-03-21,-0.707
1997-03-28,-0.691
1997-04-04,-0.675
1997-04-11,-0.661
1997-04-18,-0.648
1997-04-25,-0.639
1997-05-02,-0.633
1997-05-09,-0.63
1997-05-16,-0.628
1997-05-23,-0.628
1997-05-30,-0.629
1997-06-06,-0.63
1997-06-13,-0.633
1997-06-20,-0.637
1997-06-27,-0.641
1997-07-04,-0.647
1997-07-11,-0.651
1997-07-18,-0.655
1997-07-25,-0.658
1997-08-01,-0.659
1997-08-08,-0.659
1997-08-15,-0.657
1997-08-22,-0.653
1997-08-29,-0.648
1997-09-05,-0.643
1997-09-12,-0.635
1997-09-19,-0.626
1997-09-26,-0.614
1997-10-03,-0.599
1997-10-10,-0.58
1997-10-17,-0.558
1997-10-24,-0.534
1997-10-31,-0.511
1997-11-07,-0.493
1997-11-14,-0.48
1997-11-21,-0.474
1997-11-28,-0.473
1997-12-05,-0.478
1997-12-12,-0.486
1997-12-19,-0.498
1997-12-26,-0.514
1998-01-02,-0.53
1998-01-09,-0.547
1998-01-16,-0.565
1998-01-23,-0.582
1998-01-30,-0.599
1998-02-06,-0.614
1998-02-13,-0.626
1998-02-20,-0.634
1998-02-27,-0.639
1998-03-06,-0.638
1998-03-13,-0.636
1998-03-20,-0.632
1998-03-27,-0.627
1998-04-03,-0.621
1998-04-10,-0.616
1998-04-17,-0.611
1998-04-24,-0.605
1998-05-01,-0.598
1998-05-08,-0.592
1998-05-15,-0.585
1998-05-22,-0.579
1998-05-29,-0.571
1998-06-05,-0.565
1998-06-12,-0.56
1998-06-19,-0.558
1998-06-26,-0.556
1998-07-03,-0.556
1998-07-10,-0.554
1998-07-17,-0.547
1998-07-24,-0.534
1998-07-31,-0.511
1998-08-07,-0.477
1998-08-14,-0.432
1998-08-21,-0.377
1998-08-28,-0.314
1998-09-04,-0.248
1998-09-11,-0.184
1998-09-18,-0.123
1998-09-25,-0.069
1998-10-02,-0.026
1998-10-09,0.004
1998-10-16,0.017
1998-10-23,0.012
1998-10-30,-0.006
1998-11-06,-0.033
1998-11-13,-0.06
1998-11-20,-0.089
1998-11-27,-0.115
1998-12-04,-0.136
1998-12-11,-0.155
1998-12-18,-0.173
1998-12-25,-0.191
1999-01-01,-0.207
1999-01-08,-0.222
1999-01-15,-0.238
1999-01-22,-0.254
1999-01-29,-0.273
1999-02-05,-0.293
1999-02-12,-0.313
1999-02-19,-0.334
1999-02-26,-0.354
1999-03-05,-0.37
1999-03-12,-0.384
1999-03-19,-0.396
1999-03-26,-0.404
1999-04-02,-0.411
1999-04-09,-0.416
1999-04-16,-0.42
1999-04-23,-0.423
1999-04-30,-0.426
1999-05-07,-0.426
1999-05-14,-0.422
1999-05-21,-0.413
1999-05-28,-0.401
1999-06-04,-0.386
1999-06-11,-0.369
1999-06-18,-0.351
1999-06-25,-0.331
1999-07-02,-0.31
1999-07-09,-0.287
1999-07-16,-0.261
1999-07-23,-0.235
1999-07-30,-0.211
1999-08-06,-0.19
1999-08-13,-0.173
1999-08-20,-0.16
1999-08-27,-0.149
1999-09-03,-0.138
1999-09-10,-0.125
1999-09-17,-0.112
1999-09-24,-0.1
1999-10-01,-0.09
1999-10-08,-0.084
1999-10-15,-0.086
1999-10-22,-0.096
1999-10-29,-0.111
1999-11-05,-0.129
1999-11-12,-0.146
1999-11-19,-0.161
1999-11-26,-0.168
1999-12-03,-0.17
1999-12-10,-0.169
1999-12-17,-0.168
1999-12-24,-0.168
1999-12-31,-0.172
2000-01-07,-0.182
2000-01-14,-0.193
2000-01-21,-0.203
2000-01-28,-0.21
2000-02-04,-0.212
2000-02-11,-0.21
2000-02-18,-0.202
2000-02-25,-0.189
2000-03-03,-0.173
2000-03-10,-0.153
2000-03-17,-0.131
2000-03-24,-0.109
2000-03-31,-0.088
2000-04-07,-0.073
2000-04-14,-0.059
2000-04-21,-0.046
2000-04-28,-0.032
2000-05-05,-0.016
2000-05-12,-0.001
2000-05-19,0.013
2000-05-26,0.025
2000-06-02,0.032
2000-06-09,0.033
2000-06-16,0.029
2000-06-23,0.017
2000-06-30,-0.001
2000-07-07,-0.026
2000-07-14,-0.055
2000-07-21,-0.085
2000-07-28,-0.116
2000-08-04,-0.144
2000-08-11,-0.168
2000-08-18,-0.186
2000-08-25,-0.198
2000-09-01,-0.206
2000-09-08,-0.208
2000-09-15,-0.207
2000-09-22,-0.202
2000-09-29,-0.196
2000-10-06,-0.19
2000-10-13,-0.182
2000-10-20,-0.175
2000-10-27,-0.168
2000-11-03,-0.158
2000-11-10,-0.144
2000-11-17,-0.127
2000-11-24,-0.106
2000-12-01,-0.086
2000-12-08,-0.071
2000-12-15,-0.065
2000-12-22,-0.07
2000-12-29,-0.09
2001-01-05,-0.12
2001-01-12,-0.155
2001-01-19,-0.192
2001-01-26,-0.225
2001-02-02,-0.251
2001-02-09,-0.27
2001-02-16,-0.279
2001-02-23,-0.278
2001-03-02,-0.272
2001-03-09,-0.263
2001-03-16,-0.254
2001-03-23,-0.25
2001-03-30,-0.254
2001-04-06,-0.263
2001-04-13,-0.282
2001-04-20,-0.307
2001-04-27,-0.333
2001-05-04,-0.361
2001-05-11,-0.387
2001-05-18,-0.407
2001-05-25,-0.423
2001-06-01,-0.434
2001-06-08,-0.442
2001-06-15,-0.448
2001-06-22,-0.453
2001-06-29,-0.46
2001-07-06,-0.469
2001-07-13,-0.479
2001-07-20,-0.49
2001-07-27,-0.499
2001-08-03,-0.504
2001-08-10,-0.499
2001-08-17,-0.485
2001-08-24,-0.462
2001-08-31,-0.431
2001-09-07,-0.397
2001-09-14,-0.365
2001-09-21,-0.343
2001-09-28,-0.337
2001-10-05,-0.339
2001-10-12,-0.35
2001-10-19,-0.365
2001-10-26,-0.381
2001-11-02,-0.393
2001-11-09,-0.398
2001-11-16,-0.397
2001-11-23,-0.387
2001-11-30,-0.373
2001-12-07,-0.361
2001-12-14,-0.355
2001-12-21,-0.357
2001-12-28,-0.37
2002-01-04,-0.39
2002-01-11,-0.416
2002-01-18,-0.441
2002-01-25,-0.462
2002-02-01,-0.477
2002-02-08,-0.486
2002-02-15,-0.491
2002-02-22,-0.491
2002-03-01,-0.491
2002-03-08,-0.49
2002-03-15,-0.49
2002-03-22,-0.494
2002-03-29,-0.503
2002-04-05,-0.516
2002-04-12,-0.535
2002-04-19,-0.557
2002-04-26,-0.579
2002-05-03,-0.601
2002-05-10,-0.618
2002-05-17,-0.628
2002-05-24,-0.63
2002-05-31,-0.624
2002-06-07,-0.61
2002-06-14,-0.59
2002-06-21,-0.565
2002-06-28,-0.538
2002-07-05,-0.51
2002-07-12,-0.483
2002-07-19,-0.459
2002-07-26,-0.439
2002-08-02,-0.424
2002-08-09,-0.413
2002-08-16,-0.405
2002-08-23,-0.397
2002-08-30,-0.389
2002-09-06,-0.378
2002-09-13,-0.368
2002-09-20,-0.358
2002-09-27,-0.353
2002-10-04,-0.352
2002-10-11,-0.358
2002-10-18,-0.37
2002-10-25,-0.386
2002-11-01,-0.404
2002-11-08,-0.421
2002-11-15,-0.437
2002-11-22,-0.448
2002-11-29,-0.454
2002-12-06,-0.457
2002-12-13,-0.46
2002-12-20,-0.464
2002-12-27,-0.471
2003-01-03,-0.482
2003-01-10,-0.495
2003-01-17,-0.507
2003-01-24,-0.517
2003-01-31,-0.524
2003-02-07,-0.527
2003-02-14,-0.53
2003-02-21,-0.533
2003-02-28,-0.537
2003-03-07,-0.543
2003-03-14,-0.553
2003-03-21,-0.568
2003-03-28,-0.588
2003-04-04,-0.611
2003-04-11,-0.636
2003-04-18,-0.661
2003-04-25,-0.682
2003-05-02,-0.699
2003-05-09,-0.708
2003-05-16,-0.713
2003-05-23,-0.713
2003-05-30,-0.712
2003-06-06,-0.71
2003-06-13,-0.709
2003-06-20,-0.71
2003-06-27,-0.713
2003-07-04,-0.716
2003-07-11,-0.717
2003-07-18,-0.716
2003-07-25,-0.711
2003-08-01,-0.701
2003-08-08,-0.691
2003-08-15,-0.682
2003-08-22,-0.674
2003-08-29,-0.669
2003-09-05,-0.667
2003-09-12,-0.669
2003-09-19,-0.674
2003-09-26,-0.681
2003-10-03,-0.689
2003-10-10,-0.697
2003-10-17,-0.705
2003-10-24,-0.711
2003-10-31,-0.715
2003-11-07,-0.717
2003-11-14,-0.718
2003-11-21,-0.716
2003-11-28,-0.715
2003-12-05,-0.713
2003-12-12,-0.714
2003-12-19,-0.717
2003-12-26,-0.723
2004-01-02,-0.733
2004-01-09,-0.747
2004-01-16,-0.761
2004-01-23,-0.774
2004-01-30,-0.787
2004-02-06,-0.797
2004-02-13,-0.805
2004-02-20,-0.811
2004-02-27,-0.815
2004-03-05,-0.815
2004-03-12,-0.813
2004-03-19,-0.809
2004-03-26,-0.802
2004-04-02,-0.794
2004-04-09,-0.783
2004-04-16,-0.77
2004-04-23,-0.755
2004-04-30,-0.74
2004-05-07,-0.726
2004-05-14,-0.713
2004-05-21,-0.703
2004-05-28,-0.696
2004-06-04,-0.691
2004-06-11,-0.688
2004-06-18,-0.686
2004-06-25,-0.686
2004-07-02,-0.688
2004-07-09,-0.69
2004-07-16,-0.692
2004-07-23,-0.694
2004-07-30,-0.696
2004-08-06,-0.697
2004-08-13,-0.699
2004-08-20,-0.701
2004-08-27,-0.702
2004-09-03,-0.701
2004-09-10,-0.701
2004-09-17,-0.701
2004-09-24,-0.7
2004-10-01,-0.7
2004-10-08,-0.7
2004-10-15,-0.7
2004-10-22,-0.703
2004-10-29,-0.706
2004-11-05,-0.709
2004-11-12,-0.713
2004-11-19,-0.715
2004-11-26,-0.716
2004-12-03,-0.714
2004-12-10,-0.711
2004-12-17,-0.706
2004-12-24,-0.701
2004-12-31,-0.697
2005-01-07,-0.695
2005-01-14,-0.696
2005-01-21,-0.699
2005-01-28,-0.704
2005-02-04,-0.709
2005-02-11,-0.713
2005-02-18,-0.713
2005-02-25,-0.71
2005-03-04,-0.703
2005-03-11,-0.693
2005-03-18,-0.68
2005-03-25,-0.665
2005-04-01,-0.651
2005-04-08,-0.638
2005-04-15,-0.627
2005-04-22,-0.617
2005-04-29,-0.61
2005-05-06,-0.605
2005-05-13,-0.602
2005-05-20,-0.6
2005-05-27,-0.6
2005-06-03,-0.6
2005-06-10,-0.601
2005-06-17,-0.602
2005-06-24,-0.604
2005-07-01,-0.606
2005-07-08,-0.608
2005-07-15,-0.611
2005-07-22,-0.613
2005-07-29,-0.614
2005-08-05,-0.613
2005-08-12,-0.611
2005-08-19,-0.606
2005-08-26,-0.599
2005-09-02,-0.591
2005-09-09,-0.583
2005-09-16,-0.576
2005-09-23,-0.57
2005-09-30,-0.567
2005-10-07,-0.568
2005-10-14,-0.572
2005-10-21,-0.578
2005-10-28,-0.584
2005-11-04,-0.588
2005-11-11,-0.589
2005-11-18,-0.587
2005-11-25,-0.581
2005-12-02,-0.575
2005-12-09,-0.568
2005-12-16,-0.563
2005-12-23,-0.562
2005-12-30,-0.564
2006-01-06,-0.57
2006-01-13,-0.58
2006-01-20,-0.591
2006-01-27,-0.603
2006-02-03,-0.614
2006-02-10,-0.623
2006-02-17,-0.629
2006-02-24,-0.633
2006-03-03,-0.635
2006-03-10,-0.634
2006-03-17,-0.633
2006-03-24,-0.631
2006-03-31,-0.629
2006-04-07,-0.626
2006-04-14,-0.624
2006-04-21,-0.622
2006-04-28,-0.62
2006-05-05,-0.614
2006-05-12,-0.607
2006-05-19,-0.596
2006-05-26,-0.582
2006-06-02,-0.568
2006-06-09,-0.554
2006-06-16,-0.542
2006-06-23,-0.533
2006-06-30,-0.529
2006-07-07,-0.53
2006-07-14,-0.535
2006-07-21,-0.545
2006-07-28,-0.559
2006-08-04,-0.573
2006-08-11,-0.586
2006-08-18,-0.596
2006-08-25,-0.603
2006-09-01,-0.606
2006-09-08,-0.607
2006-09-15,-0.606
2006-09-22,-0.605
2006-09-29,-0.606
2006-10-06,-0.61
2006-10-13,-0.616
2006-10-20,-0.622
2006-10-27,-0.628
2006-11-03,-0.632
2006-11-10,-0.633
2006-11-17,-0.631
2006-11-24,-0.628
2006-12-01,-0.623
2006-12-08,-0.62
2006-12-15,-0.621
2006-12-22,-0.625
2006-12-29,-0.634
2007-01-05,-0.645
2007-01-12,-0.658
2007-01-19,-0.671
2007-01-26,-0.68
2007-02-02,-0.684
2007-02-09,-0.683
2007-02-16,-0.675
2007-02-23,-0.663
2007-03-02,-0.647
2007-03-09,-0.633
2007-03-16,-0.62
2007-03-23,-0.612
2007-03-30,-0.606
2007-04-06,-0.603
2007-04-13,-0.599
2007-04-20,-0.594
2007-04-27,-0.588
2007-05-04,-0.579
2007-05-11,-0.571
2007-05-18,-0.562
2007-05-25,-0.553
2007-06-01,-0.546
2007-06-08,-0.543
2007-06-15,-0.539
2007-06-22,-0.534
2007-06-29,-0.522
2007-07-06,-0.497
2007-07-13,-0.452
2007-07-20,-0.384
2007-07-27,-0.29
2007-08-03,-0.178
2007-08-10,-0.058
2007-08-17,0.059
2007-08-24,0.154
2007-08-31,0.206
2007-09-07,0.222
2007-09-14,0.198
2007-09-21,0.142
2007-09-28,0.077
2007-10-05,0.017
2007-10-12,-0.024
2007-10-19,-0.03
2007-10-26,0.0
2007-11-02,0.067
2007-11-09,0.165
2007-11-16,0.275
2007-11-23,0.387
2007-11-30,0.481
2007-12-07,0.544
2007-12-14,0.571
2007-12-21,0.561
2007-12-28,0.522
2008-01-04,0.475
2008-01-11,0.431
2008-01-18,0.408
2008-01-25,0.416
2008-02-01,0.447
2008-02-08,0.508
2008-02-15,0.593
2008-02-22,0.692
2008-02-29,0.792
2008-03-07,0.884
2008-03-14,0.944
2008-03-21,0.968
2008-03-28,0.947
2008-04-04,0.893
2008-04-11,0.819
2008-04-18,0.736
2008-04-25,0.65
2008-05-02,0.575
2008-05-09,0.52
2008-05-16,0.488
2008-05-23,0.484
2008-05-30,0.505
2008-06-06,0.551
2008-06-13,0.605
2008-06-20,0.661
2008-06-27,0.713
2008-07-04,0.746
2008-07-11,0.755
2008-07-18,0.745
2008-07-25,0.717
2008-08-01,0.686
2008-08-08,0.67
2008-08-15,0.678
2008-08-22,0.733
2008-08-29,0.841
2008-09-05,1.008
2008-09-12,1.228
2008-09-19,1.511
2008-09-26,1.791
2008-10-03,2.071
2008-10-10,2.322
2008-10-17,2.519
2008-10-24,2.662
2008-10-31,2.784
2008-11-07,2.878
2008-11-14,2.959
2008-11-21,3.037
2008-11-28,3.064
2008-12-05,3.057
2008-12-12,2.993
2008-12-19,2.869
2008-12-26,2.71
2009-01-02,2.557
2009-01-09,2.405
2009-01-16,2.282
2009-01-23,2.193
2009-01-30,2.134
2009-02-06,2.104
2009-02-13,2.106
2009-02-20,2.123
2009-02-27,2.14
2009-03-06,2.144
2009-03-13,2.106
2009-03-20,2.034
2009-03-27,1.929
2009-04-03,1.804
2009-04-10,1.664
2009-04-17,1.522
2009-04-24,1.382
2009-05-01,1.247
2009-05-08,1.122
2009-05-15,1.021
2009-05-22,0.937
2009-05-29,0.877
2009-06-05,0.83
2009-06-12,0.794
2009-06-19,0.764
2009-06-26,0.727
2009-07-03,0.681
2009-07-10,0.626
2009-07-17,0.559
2009-07-24,0.487
2009-07-31,0.419
2009-08-07,0.359
2009-08-14,0.31
2009-08-21,0.269
2009-08-28,0.232
2009-09-04,0.2
2009-09-11,0.167
2009-09-18,0.133
2009-09-25,0.104
2009-10-02,0.082
2009-10-09,0.061
2009-10-16,0.044
2009-10-23,0.031
2009-10-30,0.023
2009-11-06,0.014
2009-11-13,0.003
2009-11-20,-0.011
2009-11-27,-0.03
2009-12-04,-0.055
2009-12-11,-0.086
2009-12-18,-0.119
2009-12-25,-0.15
2010-01-01,-0.175
2010-01-08,-0.195
2010-01-15,-0.205
2010-01-22,-0.203
2010-01-29,-0.199
2010-02-05,-0.195
2010-02-12,-0.198
2010-02-19,-0.215
2010-02-26,-0.244
2010-03-05,-0.283
2010-03-12,-0.33
2010-03-19,-0.375
2010-03-26,-0.416
2010-04-02,-0.444
2010-04-09,-0.456
2010-04-16,-0.445
2010-04-23,-0.409
2010-04-30,-0.35
2010-05-07,-0.273
2010-05-14,-0.197
2010-05-21,-0.124
2010-05-28,-0.069
2010-06-04,-0.038
2010-06-11,-0.029
2010-06-18,-0.043
2010-06-25,-0.071
2010-07-02,-0.105
2010-07-09,-0.147
2010-07-16,-0.187
2010-07-23,-0.221
2010-07-30,-0.245
2010-08-06,-0.259
2010-08-13,-0.264
2010-08-20,-0.266
2010-08-27,-0.268
2010-09-03,-0.276
2010-09-10,-0.29
2010-09-17,-0.309
2010-09-24,-0.331
2010-10-01,-0.355
2010-10-08,-0.379
2010-10-15,-0.401
2010-10-22,-0.419
2010-10-29,-0.433
2010-11-05,-0.442
2010-11-12,-0.445
2010-11-19,-0.448
2010-11-26,-0.45
2010-12-03,-0.456
2010-12-10,-0.468
2010-12-17,-0.483
2010-12-24,-0.502
2010-12-31,-0.524
2011-01-07,-0.545
2011-01-14,-0.566
2011-01-21,-0.583
2011-01-28,-0.595
2011-02-04,-0.6
2011-02-11,-0.599
2011-02-18,-0.589
2011-02-25,-0.574
2011-03-04,-0.561
2011-03-11,-0.55
2011-03-18,-0.545
2011-03-25,-0.549
2011-04-01,-0.56
2011-04-08,-0.574
2011-04-15,-0.587
2011-04-22,-0.597
2011-04-29,-0.6
2011-05-06,-0.597
2011-05-13,-0.588
2011-05-20,-0.576
2011-05-27,-0.562
2011-06-03,-0.548
2011-06-10,-0.536
2011-06-17,-0.527
2011-06-24,-0.52
2011-07-01,-0.513
2011-07-08,-0.501
2011-07-15,-0.478
2011-07-22,-0.443
2011-07-29,-0.394
2011-08-05,-0.33
2011-08-12,-0.259
2011-08-19,-0.195
2011-08-26,-0.137
2011-09-02,-0.094
2011-09-09,-0.062
2011-09-16,-0.044
2011-09-23,-0.036
2011-09-30,-0.038
2011-10-07,-0.05
2011-10-14,-0.072
2011-10-21,-0.09
2011-10-28,-0.104
2011-11-04,-0.105
2011-11-11,-0.098
2011-11-18,-0.086
2011-11-25,-0.073
2011-12-02,-0.071
2011-12-09,-0.077
2011-12-16,-0.091
2011-12-23,-0.115
2011-12-30,-0.149
2012-01-06,-0.191
2012-01-13,-0.237
2012-01-20,-0.283
2012-01-27,-0.325
2012-02-03,-0.357
2012-02-10,-0.381
2012-02-17,-0.397
2012-02-24,-0.409
2012-03-02,-0.42
2012-03-09,-0.428
2012-03-16,-0.435
2012-03-23,-0.438
2012-03-30,-0.436
2012-04-06,-0.429
2012-04-13,-0.416
2012-04-20,-0.4
2012-04-27,-0.379
2012-05-04,-0.352
2012-05-11,-0.321
2012-05-18,-0.287
2012-05-25,-0.261
2012-06-01,-0.242
2012-06-08,-0.235
2012-06-15,-0.24
2012-06-22,-0.256
2012-06-29,-0.275
2012-07-06,-0.298
2012-07-13,-0.322
2012-07-20,-0.346
2012-07-27,-0.367
2012-08-03,-0.389
2012-08-10,-0.408
2012-08-17,-0.426
2012-08-24,-0.444
2012-08-31,-0.462
2012-09-07,-0.481
2012-09-14,-0.5
2012-09-21,-0.516
2012-09-28,-0.529
2012-10-05,-0.54
2012-10-12,-0.547
2012-10-19,-0.551
2012-10-26,-0.551
2012-11-02,-0.549
2012-11-09,-0.547
2012-11-16,-0.546
2012-11-23,-0.55
2012-11-30,-0.556
2012-12-07,-0.565
2012-12-14,-0.576
2012-12-21,-0.589
2012-12-28,-0.601
2013-01-04,-0.616
2013-01-11,-0.628
2013-01-18,-0.638
2013-01-25,-0.644
2013-02-01,-0.648
2013-02-08,-0.649
2013-02-15,-0.65
2013-02-22,-0.651
2013-03-01,-0.652
2013-03-08,-0.654
2013-03-15,-0.657
2013-03-22,-0.66
2013-03-29,-0.665
2013-04-05,-0.673
2013-04-12,-0.683
2013-04-19,-0.694
2013-04-26,-0.706
2013-05-03,-0.716
2013-05-10,-0.721
2013-05-17,-0.718
2013-05-24,-0.709
2013-05-31,-0.692
2013-06-07,-0.673
2013-06-14,-0.654
2013-06-21,-0.638
2013-06-28,-0.631
2013-07-05,-0.631
2013-07-12,-0.638
2013-07-19,-0.65
2013-07-26,-0.662
2013-08-02,-0.67
2013-08-09,-0.674
2013-08-16,-0.673
2013-08-23,-0.669
2013-08-30,-0.666
2013-09-06,-0.664
2013-09-13,-0.666
2013-09-20,-0.671
2013-09-27,-0.678
2013-10-04,-0.688
2013-10-11,-0.7
2013-10-18,-0.714
2013-10-25,-0.728
2013-11-01,-0.74
2013-11-08,-0.75
2013-11-15,-0.759
2013-11-22,-0.766
2013-11-29,-0.771
2013-12-06,-0.775
2013-12-13,-0.778
2013-12-20,-0.78
2013-12-27,-0.78
2014-01-03,-0.778
2014-01-10,-0.775
2014-01-17,-0.771
2014-01-24,-0.767
2014-01-31,-0.764
2014-02-07,-0.765
2014-02-14,-0.769
2014-02-21,-0.773
2014-02-28,-0.777
2014-03-07,-0.78
2014-03-14,-0.781
2014-03-21,-0.78
2014-03-28,-0.777
2014-04-04,-0.775
2014-04-11,-0.773
2014-04-18,-0.771
2014-04-25,-0.77
2014-05-02,-0.771
2014-05-09,-0.774
2014-05-16,-0.778
2014-05-23,-0.785
2014-05-30,-0.791
2014-06-06,-0.794
2014-06-13,-0.794
2014-06-20,-0.791
2014-06-27,-0.784
2014-07-04,-0.774
2014-07-11,-0.763
2014-07-18,-0.751
2014-07-25,-0.74
2014-08-01,-0.731
2014-08-08,-0.726
2014-08-15,-0.726
2014-08-22,-0.725
2014-08-29,-0.723
2014-09-05,-0.717
2014-09-12,-0.706
2014-09-19,-0.691
2014-09-26,-0.674
2014-10-03,-0.658
2014-10-10,-0.646
2014-10-17,-0.638
2014-10-24,-0.639
2014-10-31,-0.644
2014-11-07,-0.651
2014-11-14,-0.657
2014-11-21,-0.656
2014-11-28,-0.65
2014-12-05,-0.637
2014-12-12,-0.617
2014-12-19,-0.594
2014-12-26,-0.572
2015-01-02,-0.549
2015-01-09,-0.531
2015-01-16,-0.517
2015-01-23,-0.509
2015-01-30,-0.506
2015-02-06,-0.509
2015-02-13,-0.515
2015-02-20,-0.523
2015-02-27,-0.531
2015-03-06,-0.538
2015-03-13,-0.543
2015-03-20,-0.547
2015-03-27,-0.55
2015-04-03,-0.552
2015-04-10,-0.555
2015-04-17,-0.556
2015-04-24,-0.558
2015-05-01,-0.558
2015-05-08,-0.557
2015-05-15,-0.556
2015-05-22,-0.556
2015-05-29,-0.555
2015-06-05,-0.553
2015-06-12,-0.552
2015-06-19,-0.549
2015-06-26,-0.546
2015-07-03,-0.541
2015-07-10,-0.535
2015-07-17,-0.529
2015-07-24,-0.519
2015-07-31,-0.503
2015-08-07,-0.482
2015-08-14,-0.459
2015-08-21,-0.434
2015-08-28,-0.412
2015-09-04,-0.398
2015-09-11,-0.392
2015-09-18,-0.391
2015-09-25,-0.397
2015-10-02,-0.408
2015-10-09,-0.425
2015-10-16,-0.441
2015-10-23,-0.455
2015-10-30,-0.466
2015-11-06,-0.469
2015-11-13,-0.465
2015-11-20,-0.455
2015-11-27,-0.44
2015-12-04,-0.42
2015-12-11,-0.396
2015-12-18,-0.372
2015-12-25,-0.35
2016-01-01,-0.33
2016-01-08,-0.312
2016-01-15,-0.297
2016-01-22,-0.284
2016-01-29,-0.277
2016-02-05,-0.272
2016-02-12,-0.273
2016-02-19,-0.283
2016-02-26,-0.299
2016-03-04,-0.318
2016-03-11,-0.338
2016-03-18,-0.356
2016-03-25,-0.369
2016-04-01,-0.378
2016-04-08,-0.383
2016-04-15,-0.386
2016-04-22,-0.388
2016-04-29,-0.387
2016-05-06,-0.385
2016-05-13,-0.382
2016-05-20,-0.378
2016-05-27,-0.373
2016-06-03,-0.367
2016-06-10,-0.361
2016-06-17,-0.354
2016-06-24,-0.35
2016-07-01,-0.348
2016-07-08,-0.351
2016-07-15,-0.357
2016-07-22,-0.363
2016-07-29,-0.368
2016-08-05,-0.371
2016-08-12,-0.372
2016-08-19,-0.369
2016-08-26,-0.364
2016-09-02,-0.357
2016-09-09,-0.35
2016-09-16,-0.345
2016-09-23,-0.344
2016-09-30,-0.347
2016-10-07,-0.354
2016-10-14,-0.363
2016-10-21,-0.374
2016-10-28,-0.387
2016-11-04,-0.399
2016-11-11,-0.413
2016-11-18,-0.426
2016-11-25,-0.437
2016-12-02,-0.447
2016-12-09,-0.455
2016-12-16,-0.462
2016-12-23,-0.468
2016-12-30,-0.474
2017-01-06,-0.48
2017-01-13,-0.485
2017-01-20,-0.49
2017-01-27,-0.494
2017-02-03,-0.496
2017-02-10,-0.497
2017-02-17,-0.496
2017-02-24,-0.494
2017-03-03,-0.492
2017-03-10,-0.49
2017-03-17,-0.487
2017-03-24,-0.486
2017-03-31,-0.487
2017-04-07,-0.49
2017-04-14,-0.496
2017-04-21,-0.504
2017-04-28,-0.514
2017-05-05,-0.524
2017-05-12,-0.534
2017-05-19,-0.543
2017-05-26,-0.551
2017-06-02,-0.558
2017-06-09,-0.564
2017-06-16,-0.568
2017-06-23,-0.571
2017-06-30,-0.574
2017-07-07,-0.577
2017-07-14,-0.58
2017-07-21,-0.583
2017-07-28,-0.582
2017-08-04,-0.579
2017-08-11,-0.574
2017-08-18,-0.568
2017-08-25,-0.564
2017-09-01,-0.562
2017-09-08,-0.561
2017-09-15,-0.564
2017-09-22,-0.568
2017-09-29,-0.574
2017-10-06,-0.581
2017-10-13,-0.588
2017-10-20,-0.594
2017-10-27,-0.6
2017-11-03,-0.604
2017-11-10,-0.606
2017-11-17,-0.607
2017-11-24,-0.607
2017-12-01,-0.608
2017-12-08,-0.61
2017-12-15,-0.612
2017-12-22,-0.616
2017-12-29,-0.62
2018-01-05,-0.623
2018-01-12,-0.623
2018-01-19,-0.618
2018-01-26,-0.61
2018-02-02,-0.596
2018-02-09,-0.578
2018-02-16,-0.562
2018-02-23,-0.547
2018-03-02,-0.533
2018-03-09,-0.52
2018-03-16,-0.509
2018-03-23,-0.502
2018-03-30,-0.5
2018-04-06,-0.504
2018-04-13,-0.514
2018-04-20,-0.529
2018-04-27,-0.542
2018-05-04,-0.554
2018-05-11,-0.563
2018-05-18,-0.568
2018-05-25,-0.568
2018-06-01,-0.563
2018-06-08,-0.557
2018-06-15,-0.55
2018-06-22,-0.544
2018-06-29,-0.541
2018-07-06,-0.542
2018-07-13,-0.548
2018-07-20,-0.556
2018-07-27,-0.565
2018-08-03,-0.574
2018-08-10,-0.583
2018-08-17,-0.589
2018-08-24,-0.595
2018-08-31,-0.599
2018-09-07,-0.601
2018-09-14,-0.601
2018-09-21,-0.598
2018-09-28,-0.594
2018-10-05,-0.587
2018-10-12,-0.576
2018-10-19,-0.565
2018-10-26,-0.552
2018-11-02,-0.536
2018-11-09,-0.521
2018-11-16,-0.501
2018-11-23,-0.48
2018-11-30,-0.46
2018-12-07,-0.441
2018-12-14,-0.428
2018-12-21,-0.422
2018-12-28,-0.425
2019-01-04,-0.438
2019-01-11,-0.457
2019-01-18,-0.48
2019-01-25,-0.504
2019-02-01,-0.528
2019-02-08,-0.548
2019-02-15,-0.565
2019-02-22,-0.579
2019-03-01,-0.587
2019-03-08,-0.592
2019-03-15,-0.596
2019-03-22,-0.6
2019-03-29,-0.603
2019-04-05,-0.607
2019-04-12,-0.61
2019-04-19,-0.612
2019-04-26,-0.611
2019-05-03,-0.608
2019-05-10,-0.601
2019-05-17,-0.593
2019-05-24,-0.585
2019-05-31,-0.577
2019-06-07,-0.572
2019-06-14,-0.57
2019-06-21,-0.57
2019-06-28,-0.572
2019-07-05,-0.576
2019-07-12,-0.577
2019-07-19,-0.577
2019-07-26,-0.574
2019-08-02,-0.566
2019-08-09,-0.555
2019-08-16,-0.543
2019-08-23,-0.533
2019-08-30,-0.524
2019-09-06,-0.517
2019-09-13,-0.512
2019-09-20,-0.508
2019-09-27,-0.508
2019-10-04,-0.512
2019-10-11,-0.521
2019-10-18,-0.533
2019-10-25,-0.547
2019-11-01,-0.559
2019-11-08,-0.568
2019-11-15,-0.573
2019-11-22,-0.572
2019-11-29,-0.567
2019-12-06,-0.558
2019-12-13,-0.551
2019-12-20,-0.547
2019-12-27,-0.551
2020-01-03,-0.565
2020-01-10,-0.585
2020-01-17,-0.606
2020-01-24,-0.619
2020-01-31,-0.617
2020-02-07,-0.592
2020-02-14,-0.532
2020-02-21,-0.432
2020-02-28,-0.294
2020-03-06,-0.133
2020-03-13,0.033
2020-03-20,0.178
2020-03-27,0.269
2020-04-03,0.307
2020-04-10,0.292
2020-04-17,0.236
2020-04-24,0.158
2020-05-01,0.061
2020-05-08,-0.038
2020-05-15,-0.128
2020-05-22,-0.206
2020-05-29,-0.269
2020-06-05,-0.315
2020-06-12,-0.345
2020-06-19,-0.367
2020-06-26,-0.385
2020-07-03,-0.402
2020-07-10,-0.42
2020-07-17,-0.439
2020-07-24,-0.458
2020-07-31,-0.475
2020-08-07,-0.489
2020-08-14,-0.499
2020-08-21,-0.505
2020-08-28,-0.508
2020-09-04,-0.506
2020-09-11,-0.501
2020-09-18,-0.498
2020-09-25,-0.492
2020-10-02,-0.489
2020-10-09,-0.489
2020-10-16,-0.492
2020-10-23,-0.498
2020-10-30,-0.506
2020-11-06,-0.52
2020-11-13,-0.536
2020-11-20,-0.552
2020-11-27,-0.567
2020-12-04,-0.58
2020-12-11,-0.59
2020-12-18,-0.597
2020-12-25,-0.603
2021-01-01,-0.609
2021-01-08,-0.613
2021-01-15,-0.616
2021-01-22,-0.618
2021-01-29,-0.618
2021-02-05,-0.621
2021-02-12,-0.622
2021-02-19,-0.624
2021-02-26,-0.626
2021-03-05,-0.631
2021-03-12,-0.636
2021-03-19,-0.641
2021-03-26,-0.648
2021-04-02,-0.655
2021-04-09,-0.663
2021-04-16,-0.67
2021-04-23,-0.676
2021-04-30,-0.681
2021-05-07,-0.686
2021-05-14,-0.688
2021-05-21,-0.69
2021-05-28,-0.693
2021-06-04,-0.693
2021-06-11,-0.693
2021-06-18,-0.69
2021-06-25,-0.686
2021-07-02,-0.68
2021-07-09,-0.673
2021-07-16,-0.666
2021-07-23,-0.66
2021-07-30,-0.654
2021-08-06,-0.65
2021-08-13,-0.647
2021-08-20,-0.645
2021-08-27,-0.646
2021-09-03,-0.647
2021-09-10,-0.649
2021-09-17,-0.651
2021-09-24,-0.652
2021-10-01,-0.653
2021-10-08,-0.651
2021-10-15,-0.645
2021-10-22,-0.635
2021-10-29,-0.621
2021-11-05,-0.603
2021-11-12,-0.584
2021-11-19,-0.566
2021-11-26,-0.55
2021-12-03,-0.539
2021-12-10,-0.537
2021-12-17,-0.54
2021-12-24,-0.547
2021-12-31,-0.555
2022-01-07,-0.561
2022-01-14,-0.561
2022-01-21,-0.554
2022-01-28,-0.54
2022-02-04,-0.521
2022-02-11,-0.496
2022-02-18,-0.466
2022-02-25,-0.437
2022-03-04,-0.41
2022-03-11,-0.39
2022-03-18,-0.378
2022-03-25,-0.372
2022-04-01,-0.37
2022-04-08,-0.367
2022-04-15,-0.36
2022-04-22,-0.35
2022-04-29,-0.335
2022-05-06,-0.317
2022-05-13,-0.298
2022-05-20,-0.279
2022-05-27,-0.257
2022-06-03,-0.234
2022-06-10,-0.21
2022-06-17,-0.186
2022-06-24,-0.17
2022-07-01,-0.164
2022-07-08,-0.167
2022-07-15,-0.181
2022-07-22,-0.2
2022-07-29,-0.218
2022-08-05,-0.231
2022-08-12,-0.238
2022-08-19,-0.236
2022-08-26,-0.224
2022-09-02,-0.203
2022-09-09,-0.177
2022-09-16,-0.15
2022-09-23,-0.124
2022-09-30,-0.105
2022-10-07,-0.098
2022-10-14,-0.1
2022-10-21,-0.11
2022-10-28,-0.125
2022-11-04,-0.142
2022-11-11,-0.159
2022-11-18,-0.172
2022-11-25,-0.18
2022-12-02,-0.185
2022-12-09,-0.188
2022-12-16,-0.195
2022-12-23,-0.205
2022-12-30,-0.222
2023-01-06,-0.245
2023-01-13,-0.269
2023-01-20,-0.29
2023-01-27,-0.306
2023-02-03,-0.313
2023-02-10,-0.309
2023-02-17,-0.295
2023-02-24,-0.269
2023-03-03,-0.239
2023-03-10,-0.206
2023-03-17,-0.175
2023-03-24,-0.156
2023-03-31,-0.152
2023-04-07,-0.155
2023-04-14,-0.166
2023-04-21,-0.18
2023-04-28,-0.19
2023-05-05,-0.199
2023-05-12,-0.206
2023-05-19,-0.21
2023-05-26,-0.212
2023-06-02,-0.214
2023-06-09,-0.215
2023-06-16,-0.217
2023-06-23,-0.221
2023-06-30,-0.227
2023-07-07,-0.236
2023-07-14,-0.249
2023-07-21,-0.264
2023-07-28,-0.279
2023-08-04,-0.297
2023-08-11,-0.312
2023-08-18,-0.324
2023-08-25,-0.333
2023-09-01,-0.338
2023-09-08,-0.338
2023-09-15,-0.333
2023-09-22,-0.324
2023-09-29,-0.312
2023-10-06,-0.301
2023-10-13,-0.291
2023-10-20,-0.285
2023-10-27,-0.285
2023-11-03,-0.289
2023-11-10,-0.298
2023-11-17,-0.309
2023-11-24,-0.32
2023-12-01,-0.331
2023-12-08,-0.339
2023-12-15,-0.348
2023-12-22,-0.357
2023-12-29,-0.366
2024-01-05,-0.374
2024-01-12,-0.382
2024-01-19,-0.389
2024-01-26,-0.395
2024-02-02,-0.402
2024-02-09,-0.409
2024-02-16,-0.417
2024-02-23,-0.425
2024-03-01,-0.431
2024-03-08,-0.435
2024-03-15,-0.437
2024-03-22,-0.435
2024-03-29,-0.43
2024-04-05,-0.425
2024-04-12,-0.419
2024-04-19,-0.414
2024-04-26,-0.412
2024-05-03,-0.411
2024-05-10,-0.412
2024-05-17,-0.412
2024-05-24,-0.411
2024-05-31,-0.408
2024-06-07,-0.402
2024-06-14,-0.395
2024-06-21,-0.387
2024-06-28,-0.38
2024-07-05,-0.375
2024-07-12,-0.37
2024-07-19,-0.365
2024-07-26,-0.361
2024-08-02,-0.359
2024-08-09,-0.36
2024-08-16,-0.369
2024-08-23,-0.379
2024-08-30,-0.391
2024-09-06,-0.402
2024-09-13,-0.412
2024-09-20,-0.42
2024-09-27,-0.426
2024-10-04,-0.431
2024-10-11,-0.434
2024-10-18,-0.439
2024-10-25,-0.444
2024-11-01,-0.45
2024-11-08,-0.457
2024-11-15,-0.465
2024-11-22,-0.47
2024-11-29,-0.473
2024-12-06,-0.476
2024-12-13,-0.477
2024-12-20,-0.478
2024-12-27,-0.482
2025-01-03,-0.487
2025-01-10,-0.493
2025-01-17,-0.498
2025-01-24,-0.503
2025-01-31,-0.506
2025-02-07,-0.505
2025-02-14,-0.501
2025-02-21,-0.492
2025-02-28,-0.478
2025-03-07,-0.461
2025-03-14,-0.443
2025-03-21,-0.425
2025-03-28,-0.408
2025-04-04,-0.393
2025-04-11,-0.382
2025-04-18,-0.383
2025-04-25,-0.389
2025-05-02,-0.403
2025-05-09,-0.42
2025-05-16,-0.438
2025-05-23,-0.452
2025-05-30,-0.464
2025-06-06,-0.474
2025-06-13,-0.481
2025-06-20,-0.488
2025-06-27,-0.494
2025-07-04,-0.501
2025-07-11,-0.507
2025-07-18,-0.512
2025-07-25,-0.516
2025-08-01,-0.519
2025-08-08,-0.521
2025-08-15,-0.523
2025-08-22,-0.524
2025-08-29,-0.525
2025-09-05,-0.525
2025-09-12,-0.525
2025-09-19,-0.524
2025-09-26,-0.523
2025-10-03,-0.522
2025-10-10,-0.52
2025-10-17,-0.517
2025-10-24,-0.514
2025-10-31,-0.511
2025-11-07,-0.507
2025-11-14,-0.505
2025-11-21,-0.505
2025-11-28,-0.506
2025-12-05,-0.509
2025-12-12,-0.514
2025-12-19,-0.522
2025-12-26,-0.534
2026-01-02,-0.545
2026-01-09,-0.556
2026-01-16,-0.562
2026-01-23,-0.564
2026-01-30,-0.561
2026-02-06,-0.553
2026-02-13,-0.54
2026-02-20,-0.523
2026-02-27,-0.504
2026-03-06,-0.484
2026-03-13,-0.467
2026-03-20,-0.456
2026-03-27,-0.451
2026-04-03,-0.455
2026-04-10,-0.465
2026-04-17,-0.479
2026-04-24,-0.492
2026-05-01,-0.505
2026-05-08,-0.516
2026-05-15,-0.523
