observation_date,stlfsi
1993-12-31,-0.293
1994-01-07,-0.369
1994-01-14,-0.1123
1994-01-21,-0.3459
1994-01-28,-0.2156
1994-02-04,-0.5167
1994-02-11,-0.3076
1994-02-18,-0.2987
1994-02-25,-0.265
1994-03-04,-0.1995
1994-03-11,-0.2238
1994-03-18,-0.1443
1994-03-25,-0.227
1994-04-01,-0.1
1994-04-08,-0.0813
1994-04-15,-0.0236
1994-04-22,-0.1671
1994-04-29,-0.0884
1994-05-06,-0.3744
1994-05-13,-0.1439
1994-05-20,-0.0565
1994-05-27,-0.1895
1994-06-03,-0.0477
1994-06-10,0.0357
1994-06-17,-0.1882
1994-06-24,-0.0893
1994-07-01,-0.1487
1994-07-08,0.0013
1994-07-15,-0.0967
1994-07-22,-0.0736
1994-07-29,-0.2117
1994-08-05,-0.1295
1994-08-12,-0.3046
1994-08-19,-0.3422
1994-08-26,-0.3146
1994-09-02,-0.2002
1994-09-09,-0.2889
1994-09-16,-0.2859
1994-09-23,-0.3286
1994-09-30,-0.2091
1994-10-07,-0.2256
1994-10-14,-0.0034
1994-10-21,-0.1622
1994-10-28,-0.2052
1994-11-04,-0.1678
1994-11-11,-0.2421
1994-11-18,-0.4033
1994-11-25,-0.1925
1994-12-02,-0.1949
1994-12-09,-0.1891
1994-12-16,-0.2147
1994-12-23,-0.1589
1994-12-30,-0.0267
1995-01-06,-0.2696
1995-01-13,-0.0283
1995-01-20,-0.3555
1995-01-27,-0.3421
1995-02-03,-0.3603
1995-02-10,-0.442
1995-02-17,-0.2106
1995-02-24,-0.2457
1995-03-03,-0.1932
1995-03-10,-0.1128
1995-03-17,-0.2272
1995-03-24,-0.3533
1995-03-31,-0.4537
1995-04-07,-0.3184
1995-04-14,-0.2785
1995-04-21,-0.2364
1995-04-28,-0.4276
1995-05-05,-0.2877
1995-05-12,-0.1709
1995-05-19,-0.3618
1995-05-26,-0.3236
1995-06-02,-0.0832
1995-06-09,-0.2024
1995-06-16,-0.1594
1995-06-23,-0.1572
1995-06-30,-0.2665
1995-07-07,-0.2554
1995-07-14,-0.1299
1995-07-21,-0.4286
1995-07-28,-0.2798
1995-08-04,-0.2384
1995-08-11,-0.26
1995-08-18,-0.3688
1995-08-25,-0.218
1995-09-01,-0.1503
1995-09-08,-0.2412
1995-09-15,-0.336
1995-09-22,-0.2837
1995-09-29,-0.402
1995-10-06,-0.0661
1995-10-13,-0.2213
1995-10-20,-0.1945
1995-10-27,-0.1364
1995-11-03,-0.1986
1995-11-10,-0.3214
1995-11-17,-0.3262
1995-11-24,-0.4601
1995-12-01,-0.3101
1995-12-08,-0.3864
1995-12-15,-0.4083
1995-12-22,-0.2954
1995-12-29,-0.0617
1996-01-05,-0.451
1996-01-12,-0.1955
1996-01-19,-0.2152
1996-01-26,-0.3898
1996-02-02,-0.3643
1996-02-09,-0.2671
1996-02-16,-0.2564
1996-02-23,-0.4378
1996-03-01,-0.403
1996-03-08,-0.0395
1996-03-15,-0.2367
1996-03-22,-0.1478
1996-03-29,-0.1049
1996-04-05,-0.135
1996-04-12,-0.0839
1996-04-19,0.0101
1996-04-26,-0.2002
1996-05-03,-0.1934
1996-05-10,-0.1144
1996-05-17,-0.1827
1996-05-24,-0.2418
1996-05-31,-0.2873
1996-06-07,-0.2274
1996-06-14,-0.1869
1996-06-21,-0.2009
1996-06-28,-0.0435
1996-07-05,-0.4067
1996-07-12,0.0253
1996-07-19,0.0059
1996-07-26,-0.0849
1996-08-02,-0.1941
1996-08-09,0.1091
1996-08-16,-0.2593
1996-08-23,-0.2874
1996-08-30,-0.3349
1996-09-06,-0.1767
1996-09-13,-0.1489
1996-09-20,-0.1802
1996-09-27,-0.0765
1996-10-04,-0.0886
1996-10-11,-0.073
1996-10-18,-0.1417
1996-10-25,-0.1908
1996-11-01,-0.0742
1996-11-08,-0.2429
1996-11-15,-0.2299
1996-11-22,-0.3114
1996-11-29,-0.286
1996-12-06,-0.1374
1996-12-13,-0.0429
1996-12-20,-0.1679
1996-12-27,-0.0967
1997-01-03,-0.3486
1997-01-10,-0.0949
1997-01-17,-0.3057
1997-01-24,-0.3438
1997-01-31,-0.2427
1997-02-07,-0.2254
1997-02-14,-0.3059
1997-02-21,-0.3674
1997-02-28,-0.3846
1997-03-07,-0.2151
1997-03-14,-0.2993
1997-03-21,-0.2839
1997-03-28,-0.3827
1997-04-04,-0.0985
1997-04-11,-0.1028
1997-04-18,-0.2474
1997-04-25,-0.2371
1997-05-02,-0.2835
1997-05-09,-0.2157
1997-05-16,-0.1991
1997-05-23,-0.271
1997-05-30,-0.2299
1997-06-06,-0.1192
1997-06-13,-0.2878
1997-06-20,-0.2225
1997-06-27,-0.0974
1997-07-04,-0.3848
1997-07-11,-0.1336
1997-07-18,-0.2942
1997-07-25,-0.3133
1997-08-01,-0.4231
1997-08-08,-0.3266
1997-08-15,-0.2492
1997-08-22,-0.2284
1997-08-29,-0.2403
1997-09-05,-0.1881
1997-09-12,-0.1575
1997-09-19,-0.1716
1997-09-26,-0.1352
1997-10-03,-0.176
1997-10-10,-0.213
1997-10-17,-0.2195
1997-10-24,-0.1527
1997-10-31,0.6489
1997-11-07,-0.0606
1997-11-14,0.3416
1997-11-21,-0.1636
1997-11-28,-0.121
1997-12-05,-0.317
1997-12-12,-0.0382
1997-12-19,-0.0905
1997-12-26,0.1151
1998-01-02,-0.4732
1998-01-09,0.2569
1998-01-16,-0.0613
1998-01-23,-0.2339
1998-01-30,-0.2272
1998-02-06,-0.29
1998-02-13,-0.3365
1998-02-20,-0.3308
1998-02-27,-0.4668
1998-03-06,-0.315
1998-03-13,-0.2503
1998-03-20,-0.4119
1998-03-27,-0.3336
1998-04-03,-0.1892
1998-04-10,-0.2071
1998-04-17,-0.2979
1998-04-24,-0.2079
1998-05-01,-0.1002
1998-05-08,-0.1234
1998-05-15,-0.359
1998-05-22,-0.2556
1998-05-29,-0.1629
1998-06-05,-0.2066
1998-06-12,-0.198
1998-06-19,-0.1141
1998-06-26,-0.1851
1998-07-03,-0.4219
1998-07-10,-0.1545
1998-07-17,-0.4485
1998-07-24,-0.1739
1998-07-31,-0.1089
1998-08-07,0.1448
1998-08-14,0.2961
1998-08-21,0.2242
1998-08-28,0.8801
1998-09-04,1.1885
1998-09-11,0.8502
1998-09-18,0.5787
1998-09-25,0.6478
1998-10-02,1.0128
1998-10-09,1.901
1998-10-16,1.1317
1998-10-23,0.8971
1998-10-30,0.7634
1998-11-06,0.4556
1998-11-13,0.6296
1998-11-20,0.34
1998-11-27,-0.0303
1998-12-04,0.5404
1998-12-11,0.4668
1998-12-18,0.5269
1998-12-25,0.1851
1999-01-01,0.3759
1999-01-08,0.1195
1999-01-15,0.538
1999-01-22,0.4955
1999-01-29,0.2644
1999-02-05,0.1745
1999-02-12,0.2472
1999-02-19,0.0931
1999-02-26,0.0602
1999-03-05,0.0919
1999-03-12,0.0893
1999-03-19,0.0754
1999-03-26,0.1495
1999-04-02,0.0708
1999-04-09,0.1249
1999-04-16,0.0003
1999-04-23,0.0684
1999-04-30,-0.0807
1999-05-07,0.0124
1999-05-14,0.0588
1999-05-21,0.2059
1999-05-28,0.3039
1999-06-04,0.1188
1999-06-11,0.1218
1999-06-18,0.1501
1999-06-25,0.0527
1999-07-02,0.0752
1999-07-09,0.1089
1999-07-16,0.2091
1999-07-23,0.229
1999-07-30,0.2523
1999-08-06,0.4073
1999-08-13,0.2858
1999-08-20,0.2062
1999-08-27,0.1108
1999-09-03,0.2313
1999-09-10,0.3128
1999-09-17,0.3326
1999-09-24,0.3845
1999-10-01,0.3042
1999-10-08,0.4344
1999-10-15,0.5447
1999-10-22,0.4199
1999-10-29,0.1811
1999-11-05,0.3213
1999-11-12,0.1848
1999-11-19,-0.0341
1999-11-26,0.0476
1999-12-03,0.1619
1999-12-10,0.2099
1999-12-17,0.0941
1999-12-24,0.0518
1999-12-31,0.27
2000-01-07,-0.0087
2000-01-14,-0.0426
2000-01-21,0.0089
2000-01-28,0.0666
2000-02-04,-0.0609
2000-02-11,0.096
2000-02-18,0.1578
2000-02-25,0.2591
2000-03-03,-0.0127
2000-03-10,0.0533
2000-03-17,0.0055
2000-03-24,-0.14
2000-03-31,0.2241
2000-04-07,0.4438
2000-04-14,0.4669
2000-04-21,0.4301
2000-04-28,0.3002
2000-05-05,0.4698
2000-05-12,0.4935
2000-05-19,0.2462
2000-05-26,0.5803
2000-06-02,0.4585
2000-06-09,0.4107
2000-06-16,0.3889
2000-06-23,0.4317
2000-06-30,0.3646
2000-07-07,0.2838
2000-07-14,0.1475
2000-07-21,0.0688
2000-07-28,0.1239
2000-08-04,0.132
2000-08-11,-0.0182
2000-08-18,-0.0007
2000-08-25,0.019
2000-09-01,-0.0657
2000-09-08,0.0659
2000-09-15,0.0905
2000-09-22,0.2589
2000-09-29,0.1283
2000-10-06,0.1854
2000-10-13,0.6739
2000-10-20,0.4822
2000-10-27,0.3152
2000-11-03,0.1238
2000-11-10,0.3099
2000-11-17,0.4014
2000-11-24,0.5459
2000-12-01,0.5886
2000-12-08,0.6292
2000-12-15,0.4563
2000-12-22,0.9073
2000-12-29,0.7027
2001-01-05,0.9194
2001-01-12,0.499
2001-01-19,0.2937
2001-01-26,0.2661
2001-02-02,0.4049
2001-02-09,0.3786
2001-02-16,0.2915
2001-02-23,0.6606
2001-03-02,0.5482
2001-03-09,0.4132
2001-03-16,0.7922
2001-03-23,1.0633
2001-03-30,0.5409
2001-04-06,1.0412
2001-04-13,0.7389
2001-04-20,0.6377
2001-04-27,0.7704
2001-05-04,0.3121
2001-05-11,0.4186
2001-05-18,0.4375
2001-05-25,0.3683
2001-06-01,0.4157
2001-06-08,0.3821
2001-06-15,0.4643
2001-06-22,0.5064
2001-06-29,0.3156
2001-07-06,0.286
2001-07-13,0.5589
2001-07-20,0.4477
2001-07-27,0.3278
2001-08-03,0.2543
2001-08-10,0.2673
2001-08-17,0.3791
2001-08-24,0.4794
2001-08-31,0.4003
2001-09-07,0.5128
2001-09-14,1.4842
2001-09-21,2.0126
2001-09-28,0.7486
2001-10-05,1.1351
2001-10-12,0.8738
2001-10-19,0.772
2001-10-26,0.7509
2001-11-02,1.0532
2001-11-09,0.8477
2001-11-16,0.4002
2001-11-23,0.5261
2001-11-30,0.6948
2001-12-07,0.7898
2001-12-14,0.7881
2001-12-21,0.7644
2001-12-28,0.6011
2002-01-04,0.5584
2002-01-11,0.5415
2002-01-18,0.5969
2002-01-25,0.3675
2002-02-01,0.5155
2002-02-08,0.6746
2002-02-15,0.3766
2002-02-22,0.5541
2002-03-01,0.3905
2002-03-08,0.2029
2002-03-15,0.1723
2002-03-22,0.2931
2002-03-29,0.3491
2002-04-05,0.4452
2002-04-12,0.407
2002-04-19,0.3009
2002-04-26,0.3837
2002-05-03,0.2702
2002-05-10,0.3638
2002-05-17,0.1662
2002-05-24,0.369
2002-05-31,0.3482
2002-06-07,0.5319
2002-06-14,0.6289
2002-06-21,0.6554
2002-06-28,0.9941
2002-07-05,0.7841
2002-07-12,0.9183
2002-07-19,1.0444
2002-07-26,1.5179
2002-08-02,0.9339
2002-08-09,1.3091
2002-08-16,1.0612
2002-08-23,0.857
2002-08-30,0.8467
2002-09-06,1.333
2002-09-13,1.0086
2002-09-20,1.3051
2002-09-27,1.4432
2002-10-04,1.2559
2002-10-11,1.5551
2002-10-18,0.7759
2002-10-25,0.9993
2002-11-01,1.2119
2002-11-08,1.0677
2002-11-15,1.0052
2002-11-22,0.5268
2002-11-29,0.6854
2002-12-06,0.8655
2002-12-13,0.8795
2002-12-20,0.6706
2002-12-27,0.9058
2003-01-03,0.9264
2003-01-10,0.4743
2003-01-17,0.6585
2003-01-24,0.9416
2003-01-31,0.924
2003-02-07,0.951
2003-02-14,0.9052
2003-02-21,0.6787
2003-02-28,0.6694
2003-03-07,0.7317
2003-03-14,0.7948
2003-03-21,0.4676
2003-03-28,0.6538
2003-04-04,0.5537
2003-04-11,0.4413
2003-04-18,0.2618
2003-04-25,0.2495
2003-05-02,0.2058
2003-05-09,0.2445
2003-05-16,0.3471
2003-05-23,0.5842
2003-05-30,0.4034
2003-06-06,0.3295
2003-06-13,0.3781
2003-06-20,0.2336
2003-06-27,0.4471
2003-07-04,0.3752
2003-07-11,0.2494
2003-07-18,0.1107
2003-07-25,0.1352
2003-08-01,0.2926
2003-08-08,0.551
2003-08-15,0.159
2003-08-22,0.1667
2003-08-29,0.0711
2003-09-05,0.1035
2003-09-12,0.1949
2003-09-19,-0.0884
2003-09-26,0.0238
2003-10-03,0.1183
2003-10-10,-0.17
2003-10-17,-0.3446
2003-10-24,-0.0986
2003-10-31,-0.2377
2003-11-07,-0.3054
2003-11-14,-0.2048
2003-11-21,-0.0764
2003-11-28,-0.3556
2003-12-05,-0.2707
2003-12-12,-0.2436
2003-12-19,-0.2488
2003-12-26,-0.2324
2004-01-02,-0.2763
2004-01-09,-0.367
2004-01-16,-0.3547
2004-01-23,-0.4562
2004-01-30,-0.3833
2004-02-06,-0.3707
2004-02-13,-0.4494
2004-02-20,-0.4812
2004-02-27,-0.5059
2004-03-05,-0.6629
2004-03-12,-0.3122
2004-03-19,-0.3494
2004-03-26,-0.3085
2004-04-02,-0.656
2004-04-09,-0.5805
2004-04-16,-0.4648
2004-04-23,-0.4426
2004-04-30,-0.3986
2004-05-07,-0.3993
2004-05-14,-0.2998
2004-05-21,-0.4573
2004-05-28,-0.5831
2004-06-04,-0.5533
2004-06-11,-0.7409
2004-06-18,-0.5161
2004-06-25,-0.5405
2004-07-02,-0.5085
2004-07-09,-0.4022
2004-07-16,-0.5564
2004-07-23,-0.5449
2004-07-30,-0.5322
2004-08-06,-0.3247
2004-08-13,-0.488
2004-08-20,-0.5067
2004-08-27,-0.6306
2004-09-03,-0.55
2004-09-10,-0.6583
2004-09-17,-0.6136
2004-09-24,-0.6389
2004-10-01,-0.6167
2004-10-08,-0.6019
2004-10-15,-0.4475
2004-10-22,-0.4968
2004-10-29,-0.6683
2004-11-05,-0.8044
2004-11-12,-0.8376
2004-11-19,-0.7693
2004-11-26,-0.8317
2004-12-03,-0.7128
2004-12-10,-0.7133
2004-12-17,-0.906
2004-12-24,-0.8391
2004-12-31,-0.8361
2005-01-07,-0.7307
2005-01-14,-0.704
2005-01-21,-0.7161
2005-01-28,-0.7867
2005-02-04,-0.8853
2005-02-11,-0.8495
2005-02-18,-0.9484
2005-02-25,-0.9597
2005-03-04,-0.9331
2005-03-11,-0.9497
2005-03-18,-0.7851
2005-03-25,-0.7316
2005-04-01,-0.71
2005-04-08,-0.7294
2005-04-15,-0.6813
2005-04-22,-0.6112
2005-04-29,-0.7536
2005-05-06,-0.7636
2005-05-13,-0.6059
2005-05-20,-0.5139
2005-05-27,-0.799
2005-06-03,-0.7043
2005-06-10,-0.693
2005-06-17,-0.7857
2005-06-24,-0.6787
2005-07-01,-0.7925
2005-07-08,-0.7282
2005-07-15,-0.8955
2005-07-22,-0.8423
2005-07-29,-0.9322
2005-08-05,-0.9151
2005-08-12,-0.884
2005-08-19,-0.8123
2005-08-26,-0.8179
2005-09-02,-0.6475
2005-09-09,-0.8335
2005-09-16,-0.8405
2005-09-23,-0.7843
2005-09-30,-0.8442
2005-10-07,-0.7067
2005-10-14,-0.5717
2005-10-21,-0.8317
2005-10-28,-0.8672
2005-11-04,-0.9031
2005-11-11,-0.8359
2005-11-18,-0.728
2005-11-25,-0.7777
2005-12-02,-0.7155
2005-12-09,-0.7082
2005-12-16,-0.7286
2005-12-23,-0.6931
2005-12-30,-0.6528
2006-01-06,-0.8467
2006-01-13,-0.9938
2006-01-20,-0.8299
2006-01-27,-0.9964
2006-02-03,-1.0559
2006-02-10,-0.9306
2006-02-17,-1.0299
2006-02-24,-1.1152
2006-03-03,-1.0757
2006-03-10,-0.9624
2006-03-17,-1.0188
2006-03-24,-1.0559
2006-03-31,-1.0442
2006-04-07,-1.0199
2006-04-14,-0.9508
2006-04-21,-1.039
2006-04-28,-1.0971
2006-05-05,-1.104
2006-05-12,-1.1126
2006-05-19,-0.8834
2006-05-26,-0.79
2006-06-02,-0.9205
2006-06-09,-0.7996
2006-06-16,-0.7294
2006-06-23,-0.8011
2006-06-30,-0.8557
2006-07-07,-0.9861
2006-07-14,-0.7868
2006-07-21,-0.7817
2006-07-28,-0.9336
2006-08-04,-0.8949
2006-08-11,-0.9225
2006-08-18,-1.0273
2006-08-25,-0.9817
2006-09-01,-0.9476
2006-09-08,-0.9093
2006-09-15,-0.9415
2006-09-22,-0.8287
2006-09-29,-0.8023
2006-10-06,-0.8446
2006-10-13,-1.0212
2006-10-20,-0.9679
2006-10-27,-1.0055
2006-11-03,-0.8914
2006-11-10,-1.0059
2006-11-17,-0.9988
2006-11-24,-0.9267
2006-12-01,-0.7992
2006-12-08,-0.9151
2006-12-15,-0.9872
2006-12-22,-0.9311
2006-12-29,-0.9646
2007-01-05,-0.8817
2007-01-12,-0.9887
2007-01-19,-1.094
2007-01-26,-1.1295
2007-02-02,-1.0897
2007-02-09,-1.0936
2007-02-16,-1.1077
2007-02-23,-1.1317
2007-03-02,-0.6927
2007-03-09,-0.7876
2007-03-16,-0.8452
2007-03-23,-1.0143
2007-03-30,-0.9509
2007-04-06,-0.9524
2007-04-13,-1.0237
2007-04-20,-1.0355
2007-04-27,-1.0088
2007-05-04,-0.9133
2007-05-11,-0.9644
2007-05-18,-0.9288
2007-05-25,-0.9718
2007-06-01,-0.9208
2007-06-08,-0.7977
2007-06-15,-0.7181
2007-06-22,-0.6849
2007-06-29,-0.5574
2007-07-06,-0.7768
2007-07-13,-0.6893
2007-07-20,-0.6819
2007-07-27,-0.1433
2007-08-03,-0.0071
2007-08-10,0.1436
2007-08-17,1.2276
2007-08-24,1.296
2007-08-31,1.0082
2007-09-07,1.4841
2007-09-14,1.5826
2007-09-21,0.719
2007-09-28,0.7081
2007-10-05,0.6343
2007-10-12,0.3633
2007-10-19,0.7327
2007-10-26,0.7982
2007-11-02,0.4762
2007-11-09,1.1522
2007-11-16,1.1738
2007-11-23,1.9292
2007-11-30,2.0802
2007-12-07,1.9643
2007-12-14,1.9359
2007-12-21,1.7902
2007-12-28,1.3305
2008-01-04,1.6205
2008-01-11,1.3012
2008-01-18,0.9775
2008-01-25,1.6312
2008-02-01,0.9782
2008-02-08,1.5145
2008-02-15,1.302
2008-02-22,1.1552
2008-02-29,1.4401
2008-03-07,2.4648
2008-03-14,2.0444
2008-03-21,2.3822
2008-03-28,1.689
2008-04-04,1.739
2008-04-11,1.8927
2008-04-18,1.9214
2008-04-25,1.7083
2008-05-02,1.3807
2008-05-09,1.262
2008-05-16,1.0322
2008-05-23,0.9452
2008-05-30,0.9775
2008-06-06,1.3229
2008-06-13,1.2448
2008-06-20,1.2858
2008-06-27,1.7514
2008-07-04,1.8465
2008-07-11,1.8001
2008-07-18,1.7708
2008-07-25,1.2059
2008-08-01,1.6682
2008-08-08,1.5556
2008-08-15,1.5375
2008-08-22,1.7867
2008-08-29,1.5613
2008-09-05,1.8317
2008-09-12,1.9891
2008-09-19,4.148
2008-09-26,4.5904
2008-10-03,7.2795
2008-10-10,9.6633
2008-10-17,9.6071
2008-10-24,8.1051
2008-10-31,7.7859
2008-11-07,6.2409
2008-11-14,6.0238
2008-11-21,7.7257
2008-11-28,6.8857
2008-12-05,6.9753
2008-12-12,6.5792
2008-12-19,5.9888
2008-12-26,4.8126
2009-01-02,4.9463
2009-01-09,3.7484
2009-01-16,3.8302
2009-01-23,4.3423
2009-01-30,4.0587
2009-02-06,3.5982
2009-02-13,3.6086
2009-02-20,4.1907
2009-02-27,4.1821
2009-03-06,4.7981
2009-03-13,3.9573
2009-03-20,3.3539
2009-03-27,3.227
2009-04-03,3.0416
2009-04-10,2.817
2009-04-17,2.597
2009-04-24,2.8498
2009-05-01,2.3442
2009-05-08,1.5836
2009-05-15,2.0546
2009-05-22,1.5868
2009-05-29,1.3773
2009-06-05,1.2213
2009-06-12,1.02
2009-06-19,1.6001
2009-06-26,1.658
2009-07-03,1.2162
2009-07-10,1.4745
2009-07-17,1.0135
2009-07-24,0.7846
2009-07-31,0.5263
2009-08-07,0.1717
2009-08-14,0.7994
2009-08-21,0.9709
2009-08-28,0.5466
2009-09-04,0.7113
2009-09-11,0.3638
2009-09-18,0.0404
2009-09-25,0.1784
2009-10-02,0.4255
2009-10-09,0.2884
2009-10-16,0.1408
2009-10-23,0.1988
2009-10-30,0.4253
2009-11-06,0.394
2009-11-13,0.0359
2009-11-20,0.16
2009-11-27,0.1586
2009-12-04,0.0636
2009-12-11,0.0015
2009-12-18,-0.1479
2009-12-25,-0.2405
2010-01-01,-0.2161
2010-01-08,-0.3978
2010-01-15,-0.358
2010-01-22,-0.0824
2010-01-29,0.0522
2010-02-05,-0.0562
2010-02-12,0.1101
2010-02-19,-0.218
2010-02-26,-0.2302
2010-03-05,-0.271
2010-03-12,-0.5655
2010-03-19,-0.4355
2010-03-26,-0.4013
2010-04-02,-0.3584
2010-04-09,-0.4729
2010-04-16,-0.4543
2010-04-23,-0.4219
2010-04-30,-0.1955
2010-05-07,0.4152
2010-05-14,0.3494
2010-05-21,0.9795
2010-05-28,1.0227
2010-06-04,0.8172
2010-06-11,0.9708
2010-06-18,0.5021
2010-06-25,0.5853
2010-07-02,0.9406
2010-07-09,0.5608
2010-07-16,0.3537
2010-07-23,0.5021
2010-07-30,0.1699
2010-08-06,0.1984
2010-08-13,0.4143
2010-08-20,0.4383
2010-08-27,0.459
2010-09-03,0.275
2010-09-10,0.0562
2010-09-17,0.0045
2010-09-24,0.085
2010-10-01,0.1072
2010-10-08,0.0042
2010-10-15,-0.2013
2010-10-22,-0.0729
2010-10-29,-0.2297
2010-11-05,-0.1389
2010-11-12,-0.2445
2010-11-19,0.0093
2010-11-26,0.0261
2010-12-03,-0.0161
2010-12-10,-0.2882
2010-12-17,-0.2011
2010-12-24,-0.2478
2010-12-31,-0.2449
2011-01-07,-0.3277
2011-01-14,-0.311
2011-01-21,-0.3253
2011-01-28,-0.2694
2011-02-04,-0.387
2011-02-11,-0.4616
2011-02-18,-0.3124
2011-02-25,-0.0945
2011-03-04,-0.2384
2011-03-11,-0.2424
2011-03-18,0.0795
2011-03-25,-0.3331
2011-04-01,-0.3502
2011-04-08,-0.4246
2011-04-15,-0.3863
2011-04-22,-0.4074
2011-04-29,-0.5238
2011-05-06,-0.34
2011-05-13,-0.3584
2011-05-20,-0.3202
2011-05-27,-0.2832
2011-06-03,-0.2102
2011-06-10,-0.1441
2011-06-17,-0.1355
2011-06-24,-0.1206
2011-07-01,-0.3976
2011-07-08,-0.3626
2011-07-15,-0.018
2011-07-22,-0.2945
2011-07-29,-0.2708
2011-08-05,0.3412
2011-08-12,1.3192
2011-08-19,0.5293
2011-08-26,0.8689
2011-09-02,0.5126
2011-09-09,0.9081
2011-09-16,0.7721
2011-09-23,1.1047
2011-09-30,1.1445
2011-10-07,1.3801
2011-10-14,0.4714
2011-10-21,0.6687
2011-10-28,0.3097
2011-11-04,0.8601
2011-11-11,0.7845
2011-11-18,1.0275
2011-11-25,1.2376
2011-12-02,0.682
2011-12-09,0.6299
2011-12-16,0.8974
2011-12-23,0.6487
2011-12-30,0.654
2012-01-06,0.5366
2012-01-13,0.5642
2012-01-20,0.4275
2012-01-27,0.3183
2012-02-03,0.2882
2012-02-10,0.0912
2012-02-17,0.1972
2012-02-24,0.0621
2012-03-02,0.0425
2012-03-09,0.1644
2012-03-16,-0.2059
2012-03-23,-0.0814
2012-03-30,0.0182
2012-04-06,0.0632
2012-04-13,0.2789
2012-04-20,0.0336
2012-04-27,-0.0095
2012-05-04,-0.0662
2012-05-11,0.1024
2012-05-18,0.448
2012-05-25,0.3587
2012-06-01,0.4523
2012-06-08,0.4268
2012-06-15,0.2124
2012-06-22,0.0491
2012-06-29,0.1174
2012-07-06,0.0291
2012-07-13,0.1276
2012-07-20,-0.031
2012-07-27,0.1053
2012-08-03,-0.1365
2012-08-10,-0.1768
2012-08-17,-0.1088
2012-08-24,-0.1628
2012-08-31,-0.0743
2012-09-07,-0.2019
2012-09-14,-0.4785
2012-09-21,-0.5291
2012-09-28,-0.2204
2012-10-05,-0.4364
2012-10-12,-0.4694
2012-10-19,-0.6062
2012-10-26,-0.3505
2012-11-02,-0.3374
2012-11-09,-0.3128
2012-11-16,-0.1998
2012-11-23,-0.5374
2012-11-30,-0.4825
2012-12-07,-0.5257
2012-12-14,-0.5841
2012-12-21,-0.5678
2012-12-28,-0.3711
2013-01-04,-0.6335
2013-01-11,-0.6206
2013-01-18,-0.6374
2013-01-25,-0.6696
2013-02-01,-0.5722
2013-02-08,-0.5342
2013-02-15,-0.6704
2013-02-22,-0.6267
2013-03-01,-0.5145
2013-03-08,-0.7536
2013-03-15,-0.7893
2013-03-22,-0.578
2013-03-29,-0.63
2013-04-05,-0.5571
2013-04-12,-0.7273
2013-04-19,-0.4938
2013-04-26,-0.6894
2013-05-03,-0.6688
2013-05-10,-0.7699
2013-05-17,-0.6158
2013-05-24,-0.5348
2013-05-31,-0.3691
2013-06-07,-0.0903
2013-06-14,-0.1506
2013-06-21,-0.1217
2013-06-28,0.0703
2013-07-05,-0.1522
2013-07-12,-0.3104
2013-07-19,-0.5159
2013-07-26,-0.4927
2013-08-02,-0.3665
2013-08-09,-0.4124
2013-08-16,-0.375
2013-08-23,-0.1964
2013-08-30,-0.1718
2013-09-06,-0.2532
2013-09-13,-0.3302
2013-09-20,-0.4526
2013-09-27,-0.3476
2013-10-04,-0.2628
2013-10-11,-0.3963
2013-10-18,-0.5609
2013-10-25,-0.5821
2013-11-01,-0.5328
2013-11-08,-0.515
2013-11-15,-0.5696
2013-11-22,-0.648
2013-11-29,-0.5808
2013-12-06,-0.4581
2013-12-13,-0.5069
2013-12-20,-0.5701
2013-12-27,-0.6812
2014-01-03,-0.5638
2014-01-10,-0.6424
2014-01-17,-0.6473
2014-01-24,-0.5315
2014-01-31,-0.3402
2014-02-07,-0.3651
2014-02-14,-0.7
2014-02-21,-0.5837
2014-02-28,-0.6645
2014-03-07,-0.6351
2014-03-14,-0.5697
2014-03-21,-0.6171
2014-03-28,-0.639
2014-04-04,-0.6285
2014-04-11,-0.529
2014-04-18,-0.6209
2014-04-25,-0.7279
2014-05-02,-0.6678
2014-05-09,-0.6723
2014-05-16,-0.7055
2014-05-23,-0.7117
2014-05-30,-0.7747
2014-06-06,-0.7849
2014-06-13,-0.8061
2014-06-20,-0.8165
2014-06-27,-0.8072
2014-07-04,-0.7775
2014-07-11,-0.7272
2014-07-18,-0.6705
2014-07-25,-0.6972
2014-08-01,-0.5704
2014-08-08,-0.4009
2014-08-15,-0.6739
2014-08-22,-0.7322
2014-08-29,-0.6705
2014-09-05,-0.616
2014-09-12,-0.5209
2014-09-19,-0.5276
2014-09-26,-0.3619
2014-10-03,-0.3154
2014-10-10,-0.2969
2014-10-17,0.1507
2014-10-24,-0.4522
2014-10-31,-0.477
2014-11-07,-0.4423
2014-11-14,-0.432
2014-11-21,-0.307
2014-11-28,-0.408
2014-12-05,-0.2887
2014-12-12,-0.0111
2014-12-19,0.0833
2014-12-26,-0.4853
2015-01-02,-0.109
2015-01-09,0.1468
2015-01-16,0.1499
2015-01-23,-0.0184
2015-01-30,0.006
2015-02-06,-0.1731
2015-02-13,-0.2624
2015-02-20,-0.2461
2015-02-27,-0.2258
2015-03-06,-0.2684
2015-03-13,-0.1122
2015-03-20,-0.1374
2015-03-27,-0.2033
2015-04-03,-0.1869
2015-04-10,-0.3629
2015-04-17,-0.3523
2015-04-24,-0.3991
2015-05-01,-0.3794
2015-05-08,-0.3225
2015-05-15,-0.2943
2015-05-22,-0.2929
2015-05-29,-0.1894
2015-06-05,-0.1937
2015-06-12,-0.2071
2015-06-19,-0.1604
2015-06-26,-0.3155
2015-07-03,0.0725
2015-07-10,-0.0113
2015-07-17,-0.3396
2015-07-24,-0.1824
2015-07-31,-0.0919
2015-08-07,-0.1401
2015-08-14,-0.0468
2015-08-21,0.1781
2015-08-28,0.6738
2015-09-04,0.2891
2015-09-11,0.1827
2015-09-18,0.1971
2015-09-25,0.4258
2015-10-02,0.6989
2015-10-09,0.0776
2015-10-16,0.1552
2015-10-23,0.0318
2015-10-30,-0.005
2015-11-06,-0.081
2015-11-13,0.1325
2015-11-20,0.1054
2015-11-27,0.05
2015-12-04,0.129
2015-12-11,0.4614
2015-12-18,0.5409
2015-12-25,0.3817
2016-01-01,0.3189
2016-01-08,0.7045
2016-01-15,0.8724
2016-01-22,0.9866
2016-01-29,0.5418
2016-02-05,0.718
2016-02-12,1.2569
2016-02-19,0.5754
2016-02-26,0.5553
2016-03-04,0.2377
2016-03-11,0.274
2016-03-18,0.1613
2016-03-25,0.1643
2016-04-01,0.3824
2016-04-08,0.3395
2016-04-15,0.0937
2016-04-22,-0.0212
2016-04-29,0.0697
2016-05-06,0.2715
2016-05-13,0.1811
2016-05-20,0.077
2016-05-27,-0.0018
2016-06-03,0.1281
2016-06-10,0.1559
2016-06-17,0.5697
2016-06-24,0.258
2016-07-01,0.5856
2016-07-08,0.2093
2016-07-15,-0.0995
2016-07-22,0.094
2016-07-29,0.2379
2016-08-05,0.3582
2016-08-12,0.2139
2016-08-19,0.1945
2016-08-26,0.2721
2016-09-02,0.285
2016-09-09,0.2961
2016-09-16,0.5018
2016-09-23,0.3339
2016-09-30,0.3135
2016-10-07,0.0905
2016-10-14,0.2257
2016-10-21,0.1835
2016-10-28,0.1081
2016-11-04,0.4959
2016-11-11,-0.0109
2016-11-18,-0.0349
2016-11-25,-0.1152
2016-12-02,-0.0048
2016-12-09,-0.255
2016-12-16,-0.1533
2016-12-23,-0.0973
2016-12-30,-0.0536
2017-01-06,-0.0956
2017-01-13,-0.1072
2017-01-20,-0.086
2017-01-27,-0.1996
2017-02-03,-0.1351
2017-02-10,-0.1737
2017-02-17,-0.2984
2017-02-24,-0.2221
2017-03-03,-0.3936
2017-03-10,-0.4097
2017-03-17,-0.367
2017-03-24,-0.2393
2017-03-31,-0.4105
2017-04-07,-0.3824
2017-04-14,-0.255
2017-04-21,-0.2531
2017-04-28,-0.5833
2017-05-05,-0.5042
2017-05-12,-0.6113
2017-05-19,-0.4737
2017-05-26,-0.6573
2017-06-02,-0.625
2017-06-09,-0.7143
2017-06-16,-0.7106
2017-06-23,-0.4806
2017-06-30,-0.5611
2017-07-07,-0.594
2017-07-14,-0.5686
2017-07-21,-0.6889
2017-07-28,-0.7231
2017-08-04,-0.624
2017-08-11,-0.463
2017-08-18,-0.4409
2017-08-25,-0.4637
2017-09-01,-0.5117
2017-09-08,-0.4267
2017-09-15,-0.6743
2017-09-22,-0.7149
2017-09-29,-0.6646
2017-10-06,-0.7097
2017-10-13,-0.6724
2017-10-20,-0.7405
2017-10-27,-0.7451
2017-11-03,-0.7065
2017-11-10,-0.6785
2017-11-17,-0.675
2017-11-24,-0.8294
2017-12-01,-0.7847
2017-12-08,-0.714
2017-12-15,-0.651
2017-12-22,-0.613
2017-12-29,-0.5104
2018-01-05,-0.6301
2018-01-12,-0.7104
2018-01-19,-0.6512
2018-01-26,-0.6625
2018-02-02,-0.5074
2018-02-09,0.096
2018-02-16,-0.2649
2018-02-23,-0.3442
2018-03-02,-0.0745
2018-03-09,-0.0995
2018-03-16,-0.0279
2018-03-23,0.2517
2018-03-30,0.3351
2018-04-06,0.3331
2018-04-13,0.133
2018-04-20,-0.0695
2018-04-27,-0.0338
2018-05-04,0.002
2018-05-11,-0.2417
2018-05-18,-0.3022
2018-05-25,-0.2345
2018-06-01,0.0589
2018-06-08,-0.3955
2018-06-15,-0.3446
2018-06-22,-0.2772
2018-06-29,-0.0648
2018-07-06,-0.1942
2018-07-13,-0.4234
2018-07-20,-0.4602
2018-07-27,-0.5443
2018-08-03,-0.4499
2018-08-10,-0.5557
2018-08-17,-0.4492
2018-08-24,-0.6322
2018-08-31,-0.6775
2018-09-07,-0.6039
2018-09-14,-0.718
2018-09-21,-0.8174
2018-09-28,-0.7538
2018-10-05,-0.7902
2018-10-12,-0.4462
2018-10-19,-0.5083
2018-10-26,-0.2135
2018-11-02,-0.2271
2018-11-09,-0.4735
2018-11-16,-0.0261
2018-11-23,0.0529
2018-11-30,-0.1467
2018-12-07,0.2041
2018-12-14,0.2621
2018-12-21,0.5411
2018-12-28,0.6688
2019-01-04,0.3125
2019-01-11,-0.1807
2019-01-18,-0.1486
2019-01-25,-0.1254
2019-02-01,-0.1456
2019-02-08,-0.2914
2019-02-15,-0.3576
2019-02-22,-0.5236
2019-03-01,-0.5845
2019-03-08,-0.4665
2019-03-15,-0.5708
2019-03-22,-0.5818
2019-03-29,-0.3199
2019-04-05,-0.6737
2019-04-12,-0.6563
2019-04-19,-0.7747
2019-04-26,-0.6347
2019-05-03,-0.6742
2019-05-10,-0.3807
2019-05-17,-0.3561
2019-05-24,-0.477
2019-05-31,-0.1842
2019-06-07,-0.2065
2019-06-14,-0.432
2019-06-21,-0.343
2019-06-28,-0.3382
2019-07-05,-0.5268
2019-07-12,-0.4532
2019-07-19,-0.3636
2019-07-26,-0.4919
2019-08-02,-0.2658
2019-08-09,0.2456
2019-08-16,0.1974
2019-08-23,-0.0926
2019-08-30,-0.052
2019-09-06,-0.0985
2019-09-13,-0.3503
2019-09-20,-0.1534
2019-09-27,0.1012
2019-10-04,0.3645
2019-10-11,0.1361
2019-10-18,-0.1371
2019-10-25,-0.1333
2019-11-01,-0.069
2019-11-08,-0.1015
2019-11-15,-0.1082
2019-11-22,-0.056
2019-11-29,-0.194
2019-12-06,-0.0972
2019-12-13,-0.2728
2019-12-20,-0.3715
2019-12-27,-0.1859
2020-01-03,-0.2323
2020-01-10,-0.3584
2020-01-17,-0.5264
2020-01-24,-0.4142
2020-01-31,-0.1257
2020-02-07,-0.4665
2020-02-14,-0.5741
2020-02-21,-0.4497
2020-02-28,0.6637
2020-03-06,1.3353
2020-03-13,3.5035
2020-03-20,5.6586
2020-03-27,5.3772
2020-04-03,3.1668
2020-04-10,2.6178
2020-04-17,1.8851
2020-04-24,2.4095
2020-05-01,1.2468
2020-05-08,0.947
2020-05-15,0.92
2020-05-22,0.4344
2020-05-29,0.2063
2020-06-05,-0.0868
2020-06-12,0.2779
2020-06-19,0.4826
2020-06-26,0.5085
2020-07-03,0.4205
2020-07-10,0.1206
2020-07-17,0.0742
2020-07-24,-0.2176
2020-07-31,-0.0683
2020-08-07,-0.1978
2020-08-14,-0.2604
2020-08-21,-0.0605
2020-08-28,-0.2617
2020-09-04,-0.1113
2020-09-11,0.06
2020-09-18,-0.1249
2020-09-25,0.2588
2020-10-02,-0.069
2020-10-09,-0.2303
2020-10-16,-0.0833
2020-10-23,0.0163
2020-10-30,0.394
2020-11-06,-0.0679
2020-11-13,-0.4751
2020-11-20,-0.1549
2020-11-27,-0.3915
2020-12-04,-0.4391
2020-12-11,-0.4139
2020-12-18,-0.3711
2020-12-25,-0.4122
2021-01-01,-0.4693
2021-01-08,-0.4801
2021-01-15,-0.5232
2021-01-22,-0.5096
2021-01-29,-0.261
2021-02-05,-0.5706
2021-02-12,-0.7562
2021-02-19,-0.6471
2021-02-26,-0.4386
2021-03-05,-0.3999
2021-03-12,-0.4927
2021-03-19,-0.5391
2021-03-26,-0.6177
2021-04-02,-0.7106
2021-04-09,-0.8092
2021-04-16,-0.7614
2021-04-23,-0.7115
2021-04-30,-0.7994
2021-05-07,-0.7997
2021-05-14,-0.7419
2021-05-21,-0.7076
2021-05-28,-0.806
2021-06-04,-0.8427
2021-06-11,-0.7884
2021-06-18,-0.7679
2021-06-25,-0.7983
2021-07-02,-0.8387
2021-07-09,-0.7061
2021-07-16,-0.7968
2021-07-23,-0.5636
2021-07-30,-0.7601
2021-08-06,-0.6717
2021-08-13,-0.8576
2021-08-20,-0.6146
2021-08-27,-0.7635
2021-09-03,-0.7567
2021-09-10,-0.7081
2021-09-17,-0.6746
2021-09-24,-0.5405
2021-10-01,-0.6276
2021-10-08,-0.6342
2021-10-15,-0.7274
2021-10-22,-0.9018
2021-10-29,-0.808
2021-11-05,-0.679
2021-11-12,-0.7852
2021-11-19,-0.686
2021-11-26,-0.4852
2021-12-03,-0.1659
2021-12-10,-0.7038
2021-12-17,-0.4962
2021-12-24,-0.5786
2021-12-31,-0.7675
2022-01-07,-0.6994
2022-01-14,-0.6591
2022-01-21,-0.3821
2022-01-28,-0.1998
2022-02-04,-0.5117
2022-02-11,-0.5848
2022-02-18,-0.1639
2022-02-25,-0.0045
2022-03-04,0.2968
2022-03-11,0.1506
2022-03-18,-0.3075
2022-03-25,-0.61
2022-04-01,-0.4741
2022-04-08,-0.3694
2022-04-15,-0.2797
2022-04-22,-0.385
2022-04-29,0.1827
2022-05-06,0.2106
2022-05-13,0.5618
2022-05-20,0.3066
2022-05-27,0.2819
2022-06-03,-0.1614
2022-06-10,-0.0477
2022-06-17,0.0318
2022-06-24,0.3787
2022-07-01,0.6133
2022-07-08,0.4275
2022-07-15,0.0669
2022-07-22,-0.2724
2022-07-29,-0.1916
2022-08-05,-0.4821
2022-08-12,-0.4036
2022-08-19,-0.3679
2022-08-26,-0.205
2022-09-02,-0.136
2022-09-09,-0.3101
2022-09-16,-0.4376
2022-09-23,0.1326
2022-09-30,0.5206
2022-10-07,0.1675
2022-10-14,0.2879
2022-10-21,-0.1483
2022-10-28,-0.2924
2022-11-04,-0.3869
2022-11-11,-0.322
2022-11-18,-0.222
2022-11-25,-0.2266
2022-12-02,-0.1158
2022-12-09,0.1238
2022-12-16,0.0087
2022-12-23,0.0256
2022-12-30,-0.0395
2023-01-06,-0.1636
2023-01-13,-0.4208
2023-01-20,-0.3896
2023-01-27,-0.5109
2023-02-03,-0.5502
2023-02-10,-0.6116
2023-02-17,-0.47
2023-02-24,-0.2317
2023-03-03,-0.4474
2023-03-10,-0.0881
2023-03-17,1.1043
2023-03-24,0.2695
2023-03-31,-0.2721
2023-04-07,-0.0928
2023-04-14,-0.4846
2023-04-21,-0.6591
2023-04-28,-0.2904
2023-05-05,-0.3309
2023-05-12,-0.5115
2023-05-19,-0.4457
2023-05-26,-0.3234
2023-06-02,-0.47
2023-06-09,-0.6973
2023-06-16,-0.6116
2023-06-23,-0.5877
2023-06-30,-0.6965
2023-07-07,-0.7508
2023-07-14,-0.6923
2023-07-21,-0.7363
2023-07-28,-0.7596
2023-08-04,-0.718
2023-08-11,-0.6587
2023-08-18,-0.6217
2023-08-25,-0.6793
2023-09-01,-0.6907
2023-09-08,-0.7153
2023-09-15,-0.7121
2023-09-22,-0.7183
2023-09-29,-0.4987
2023-10-06,-0.4272
2023-10-13,-0.5382
2023-10-20,-0.3284
2023-10-27,-0.3461
2023-11-03,-0.6048
2023-11-10,-0.7292
2023-11-17,-0.6212
2023-11-24,-0.7327
2023-12-01,-0.5313
2023-12-08,-0.4983
2023-12-15,-0.6074
2023-12-22,-0.435
2023-12-29,-0.4168
2024-01-05,-0.557
2024-01-12,-0.7092
2024-01-19,-0.8078
2024-01-26,-0.8322
2024-02-02,-0.7543
2024-02-09,-0.5997
2024-02-16,-0.6443
2024-02-23,-0.672
2024-03-01,-0.7902
2024-03-08,-0.7901
2024-03-15,-0.9236
2024-03-22,-0.942
2024-03-29,-0.9327
2024-04-05,-0.8446
2024-04-12,-0.795
2024-04-19,-0.417
2024-04-26,-0.8399
2024-05-03,-0.8287
2024-05-10,-0.9205
2024-05-17,-0.9085
2024-05-24,-0.9597
2024-05-31,-0.8504
2024-06-07,-0.8406
2024-06-14,-0.869
2024-06-21,-0.8296
2024-06-28,-0.8354
2024-07-05,-0.8275
2024-07-12,-0.8294
2024-07-19,-0.6624
2024-07-26,-0.6214
2024-08-02,-0.3373
2024-08-09,-0.1604
2024-08-16,-0.7366
2024-08-23,-0.6464
2024-08-30,-0.6488
2024-09-06,-0.389
2024-09-13,-0.314
2024-09-20,-0.4426
2024-09-27,-0.2693
2024-10-04,-0.6101
2024-10-11,-0.5888
2024-10-18,-0.5326
2024-10-25,-0.3844
2024-11-01,-0.2938
2024-11-08,-0.5635
2024-11-15,-0.7995
2024-11-22,-0.6111
2024-11-29,-0.6161
2024-12-06,-0.5275
2024-12-13,-0.5789
2024-12-20,-0.4965
2024-12-27,-0.6225
2025-01-03,-0.6192
2025-01-10,-0.7998
2025-01-17,-0.8243
2025-01-24,-0.9729
2025-01-31,-0.76
2025-02-07,-0.7819
2025-02-14,-0.8281
2025-02-21,-0.7588
2025-02-28,-0.4514
2025-03-07,-0.352
2025-03-14,-0.212
2025-03-21,-0.6417
2025-03-28,-0.6217
2025-04-04,0.1035
2025-04-11,0.586
2025-04-18,-0.1983
2025-04-25,-0.2647
2025-05-02,-0.3394
2025-05-09,-0.4666
2025-05-16,-0.8963
2025-05-23,-0.4988
2025-05-30,-0.5347
2025-06-06,-0.8052
2025-06-13,-0.7823
2025-06-20,-0.6509
2025-06-27,-0.7022
2025-07-04,-0.878
2025-07-11,-0.7515
2025-07-18,-0.7163
2025-07-25,-0.7997
2025-08-01,-0.681
2025-08-08,-0.5703
2025-08-15,-0.8201
2025-08-22,-0.754
2025-08-29,-0.608
2025-09-05,-0.4232
2025-09-12,-0.5661
2025-09-19,-0.5943
2025-09-26,-0.5386
2025-10-03,-0.4969
2025-10-10,-0.4865
2025-10-17,-0.3686
2025-10-24,-0.5108
2025-10-31,-0.4616
2025-11-07,-0.3123
2025-11-14,-0.5077
2025-11-21,-0.1324
2025-11-28,-0.3941
2025-12-05,-0.4247
2025-12-12,-0.358
2025-12-19,-0.3376
2025-12-26,-0.5785
2026-01-02,-0.5623
2026-01-09,-0.6612
2026-01-16,-0.6484
2026-01-23,-0.7105
2026-01-30,-0.6757
2026-02-06,-0.6539
2026-02-13,-0.617
2026-02-20,-0.4856
2026-02-27,-0.4407
2026-03-06,-0.4281
2026-03-13,-0.2987
2026-03-20,-0.3663
2026-03-27,-0.181
2026-04-03,-0.2382
2026-04-10,-0.6453
2026-04-17,-0.7559
2026-04-24,-0.6773
2026-05-01,-0.6703
2026-05-08,-0.7619
2026-05-15,-0.7404
